prompt,checkpoint,dim,cosine,max_abs_err,mean_abs_err,rmse,l2_rel_err,first_divergence,status
TEST-A,ckpt01_embed,2560,1.00000000,0.000000,0.000000,0.000000,0.000000,NO,PASS
TEST-A,ckpt02_block_00_input,2560,1.00000000,0.000000,0.000000,0.000000,0.000000,NO,PASS
TEST-A,ckpt02_block_01_input,2560,0.99920902,0.128224,0.033423,0.041623,0.039832,YES,PASS
TEST-A,ckpt02_block_02_input,2560,0.99855838,0.194755,0.046960,0.058886,0.053901,YES,PASS
TEST-A,ckpt02_block_03_input,2560,0.99859793,0.203352,0.048669,0.060700,0.053213,YES,PASS
TEST-A,ckpt02_block_04_input,2560,0.99816438,0.238282,0.058636,0.073240,0.061192,YES,PASS
TEST-A,ckpt02_block_05_input,2560,0.99764918,0.320363,0.070050,0.087468,0.069608,YES,PASS
TEST-A,ckpt02_block_06_input,2560,0.99780353,0.306606,0.070966,0.088296,0.067414,YES,PASS
TEST-A,ckpt02_block_07_input,2560,0.99721851,0.341878,0.084218,0.105036,0.076736,YES,PASS
TEST-A,ckpt02_block_08_input,2560,0.99688477,0.383936,0.093682,0.117393,0.081679,YES,PASS
TEST-A,ckpt02_block_09_input,2560,0.99707110,0.391252,0.094534,0.118441,0.079273,YES,PASS
TEST-A,ckpt02_block_10_input,2560,0.99680395,0.502669,0.104225,0.130465,0.083580,YES,PASS
TEST-A,ckpt02_block_11_input,2560,0.99668420,0.471502,0.111780,0.138935,0.085504,YES,PASS
TEST-A,ckpt02_block_12_input,2560,0.99686036,0.486995,0.112237,0.139881,0.083463,YES,PASS
TEST-A,ckpt02_block_13_input,2560,0.99667791,0.512588,0.120470,0.149997,0.086466,YES,PASS
TEST-A,ckpt02_block_14_input,2560,0.99667577,0.528754,0.125274,0.156472,0.087246,YES,PASS
TEST-A,ckpt02_block_15_input,2560,0.99683362,0.534163,0.125907,0.157212,0.085287,YES,PASS
TEST-A,ckpt02_block_16_input,2560,0.99683200,0.575484,0.131504,0.163603,0.085809,YES,PASS
TEST-A,ckpt02_block_17_input,2560,0.99673010,0.649277,0.137712,0.171956,0.087460,YES,PASS
TEST-A,ckpt02_block_18_input,2560,0.99687411,0.640493,0.138566,0.172781,0.085532,YES,PASS
TEST-A,ckpt02_block_19_input,2560,0.99683938,0.684544,0.142929,0.179133,0.086567,YES,PASS
TEST-A,ckpt02_block_20_input,2560,0.99677107,0.662859,0.148261,0.185825,0.087488,YES,PASS
TEST-A,ckpt02_block_21_input,2560,0.99695254,0.670738,0.149019,0.186354,0.085015,YES,PASS
TEST-A,ckpt02_block_22_input,2560,0.99696887,0.650548,0.152032,0.190335,0.084926,YES,PASS
TEST-A,ckpt02_block_23_input,2560,0.99691121,0.658330,0.156427,0.196371,0.085721,YES,PASS
TEST-A,ckpt03_block_00_state_norm,2560,1.00000000,0.000017,0.000004,0.000005,0.000005,YES,PASS
TEST-A,ckpt03_block_01_state_norm,2560,0.99920902,0.125820,0.031950,0.039774,0.039774,YES,PASS
TEST-A,ckpt03_block_03_state_norm,2560,0.99859793,0.184874,0.042354,0.052954,0.052954,YES,PASS
TEST-A,ckpt03_block_04_state_norm,2560,0.99816438,0.209324,0.048519,0.060591,0.060591,YES,PASS
TEST-A,ckpt03_block_12_state_norm,2560,0.99686036,0.271484,0.063531,0.079242,0.079242,YES,PASS
TEST-A,ckpt04_block_00_state_in_proj,5120,0.99997210,0.012700,0.002723,0.003425,0.007472,YES,PASS
TEST-A,ckpt04_block_01_state_in_proj,5120,0.99925932,0.076218,0.014032,0.017574,0.038482,YES,PASS
TEST-A,ckpt04_block_03_state_in_proj,5120,0.99877750,0.090377,0.018350,0.022953,0.049456,YES,PASS
TEST-A,ckpt04_block_04_state_in_proj,5120,0.99834190,0.100959,0.021297,0.026612,0.057568,YES,PASS
TEST-A,ckpt04_block_12_state_in_proj,5120,0.99716042,0.130286,0.027477,0.034385,0.075311,YES,PASS
TEST-A,ckpt05a_block_00_state_gate,2560,0.99997013,0.011829,0.002712,0.003391,0.007730,YES,PASS
TEST-A,ckpt05a_block_01_state_gate,2560,0.99919934,0.061337,0.014006,0.017542,0.040009,YES,PASS
TEST-A,ckpt05a_block_03_state_gate,2560,0.99870903,0.090377,0.018220,0.022899,0.050820,YES,PASS
TEST-A,ckpt05a_block_04_state_gate,2560,0.99834570,0.095656,0.021080,0.026465,0.057504,YES,PASS
TEST-A,ckpt05a_block_12_state_gate,2560,0.99696621,0.124218,0.027458,0.034373,0.077836,YES,PASS
TEST-A,ckpt05b_block_00_state_value,2560,0.99997375,0.012700,0.002734,0.003460,0.007246,YES,PASS
TEST-A,ckpt05b_block_01_state_value,2560,0.99931066,0.076218,0.014057,0.017605,0.037127,YES,PASS
TEST-A,ckpt05b_block_03_state_value,2560,0.99883852,0.073013,0.018481,0.023007,0.048207,YES,PASS
TEST-A,ckpt05b_block_04_state_value,2560,0.99833819,0.100959,0.021515,0.026757,0.057630,YES,PASS
TEST-A,ckpt05b_block_12_state_value,2560,0.99733213,0.130286,0.027496,0.034396,0.073020,YES,PASS
TEST-A,ckpt06_block_00_state_conv,2560,0.55937042,1.379639,0.275806,0.362356,0.933910,YES,DIVERGED
TEST-A,ckpt06_block_01_state_conv,2560,0.55792737,1.744864,0.275487,0.364033,0.935650,YES,DIVERGED
TEST-A,ckpt06_block_03_state_conv,2560,0.54266801,1.535978,0.277052,0.364335,0.971342,YES,DIVERGED
TEST-A,ckpt06_block_04_state_conv,2560,0.53578026,1.913318,0.284754,0.373860,0.954640,YES,DIVERGED
TEST-A,ckpt06_block_12_state_conv,2560,0.55624033,2.329431,0.276563,0.363881,0.946092,YES,DIVERGED
TEST-A,ckpt07_block_00_state_silu,2560,0.99997131,0.009355,0.001358,0.001835,0.007588,YES,PASS
TEST-A,ckpt07_block_01_state_silu,2560,0.99923347,0.044192,0.007005,0.009410,0.039156,YES,PASS
TEST-A,ckpt07_block_03_state_silu,2560,0.99870031,0.060431,0.009124,0.012446,0.051011,YES,PASS
TEST-A,ckpt07_block_04_state_silu,2560,0.99833735,0.082505,0.010466,0.014281,0.057725,YES,PASS
TEST-A,ckpt07_block_12_state_silu,2560,0.99693729,0.088468,0.013560,0.018381,0.078215,YES,PASS
TEST-A,ckpt08_block_00_state_gated,2560,0.47555556,0.927425,0.050848,0.094129,0.990065,YES,DIVERGED
TEST-A,ckpt08_block_01_state_gated,2560,0.49397196,1.081580,0.050639,0.094449,0.992912,YES,DIVERGED
TEST-A,ckpt08_block_03_state_gated,2560,0.53307918,0.870734,0.052146,0.093375,0.975285,YES,DIVERGED
TEST-A,ckpt08_block_04_state_gated,2560,0.52796508,1.143133,0.053884,0.098025,0.924293,YES,DIVERGED
TEST-A,ckpt08_block_12_state_gated,2560,0.51008282,2.036829,0.050797,0.097910,0.937185,YES,DIVERGED
TEST-A,ckpt09_block_00_state_out_proj,2560,0.50823856,0.130903,0.033176,0.041360,0.948774,YES,DIVERGED
TEST-A,ckpt09_block_01_state_out_proj,2560,0.53207658,0.150283,0.032707,0.041482,0.941017,YES,DIVERGED
TEST-A,ckpt09_block_03_state_out_proj,2560,0.57214372,0.182905,0.032081,0.040476,0.921754,YES,DIVERGED
TEST-A,ckpt09_block_04_state_out_proj,2560,0.55550540,0.160769,0.034951,0.043489,0.889473,YES,DIVERGED
TEST-A,ckpt09_block_12_state_out_proj,2560,0.52442551,0.170877,0.035043,0.043825,0.916231,YES,DIVERGED
TEST-A,ckpt10_block_00_state_residual,2560,0.99917211,0.130903,0.033176,0.041360,0.040738,YES,PASS
TEST-A,ckpt10_block_01_state_residual,2560,0.99845037,0.199399,0.046807,0.058768,0.055817,YES,PASS
TEST-A,ckpt10_block_03_state_residual,2560,0.99801516,0.232777,0.058527,0.073010,0.063536,YES,PASS
TEST-A,ckpt10_block_04_state_residual,2560,0.99746410,0.324142,0.069796,0.087139,0.072194,YES,PASS
TEST-A,ckpt10_block_12_state_residual,2560,0.99647915,0.511052,0.120367,0.149883,0.088778,YES,PASS
TEST-A,ckpt11_block_02_gqa_norm,2560,0.99855838,0.182838,0.042777,0.053696,0.053696,YES,PASS
TEST-A,ckpt11_block_05_gqa_norm,2560,0.99764918,0.229252,0.054944,0.068568,0.068568,YES,PASS
TEST-A,ckpt11_block_23_gqa_norm,2560,0.99691121,0.253546,0.062831,0.078597,0.078597,YES,PASS
TEST-A,ckpt12a_block_02_gqa_q,2560,0.99850534,0.080727,0.019100,0.023947,0.054722,YES,PASS
TEST-A,ckpt12a_block_05_gqa_q,2560,0.99775026,0.111171,0.023807,0.029935,0.067118,YES,PASS
TEST-A,ckpt12a_block_23_gqa_q,2560,0.99720223,0.149488,0.027553,0.034495,0.074867,YES,PASS
TEST-A,ckpt12b_block_02_gqa_k,512,0.99871109,0.075455,0.017624,0.022495,0.050860,YES,PASS
TEST-A,ckpt12b_block_05_gqa_k,512,0.99769990,0.090412,0.024034,0.029997,0.067791,YES,PASS
TEST-A,ckpt12b_block_23_gqa_k,512,0.99724872,0.132909,0.026163,0.033404,0.074130,YES,PASS
TEST-A,ckpt12c_block_02_gqa_v,512,0.99852366,0.090542,0.019279,0.023580,0.054371,YES,PASS
TEST-A,ckpt12c_block_05_gqa_v,512,0.99800785,0.105024,0.023668,0.029849,0.063137,YES,PASS
TEST-A,ckpt12c_block_23_gqa_v,512,0.99816995,0.113428,0.027049,0.033448,0.060472,YES,PASS
TEST-A,ckpt13_block_02_gqa_attention,2560,0.99081521,0.083066,0.024073,0.029619,0.137184,YES,PASS
TEST-A,ckpt13_block_05_gqa_attention,2560,0.99127640,0.099200,0.023768,0.029553,0.132257,YES,PASS
TEST-A,ckpt13_block_23_gqa_attention,2560,0.99514470,0.138516,0.032112,0.039253,0.099236,YES,PASS
TEST-A,ckpt14_block_02_gqa_out_proj,2560,0.99106147,0.043680,0.010521,0.013055,0.134624,YES,PASS
TEST-A,ckpt14_block_05_gqa_out_proj,2560,0.99199266,0.044518,0.009898,0.012567,0.126796,YES,PASS
TEST-A,ckpt14_block_23_gqa_out_proj,2560,0.99907252,0.065661,0.013487,0.016967,0.043495,YES,PASS
TEST-A,ckpt15_block_02_gqa_residual,2560,0.99849507,0.202492,0.048431,0.060534,0.055067,YES,PASS
TEST-A,ckpt15_block_05_gqa_residual,2560,0.99763470,0.303498,0.070626,0.088043,0.069793,YES,PASS
TEST-A,ckpt15_block_23_gqa_residual,2560,0.99710140,0.639668,0.156789,0.196773,0.082618,YES,PASS
TEST-A,ckpt16_block_00_ffn_norm,2560,0.99917211,0.131056,0.032652,0.040691,0.040691,YES,PASS
TEST-A,ckpt16_block_01_ffn_norm,2560,0.99845037,0.194105,0.044255,0.055671,0.055671,YES,PASS
TEST-A,ckpt16_block_02_ffn_norm,2560,0.99849507,0.189164,0.043818,0.054862,0.054862,YES,PASS
TEST-A,ckpt16_block_03_ffn_norm,2560,0.99801516,0.212698,0.050477,0.063005,0.063005,YES,PASS
TEST-A,ckpt16_block_04_ffn_norm,2560,0.99746410,0.242386,0.057011,0.071216,0.071217,YES,PASS
TEST-A,ckpt16_block_05_ffn_norm,2560,0.99763470,0.229995,0.055147,0.068779,0.068779,YES,PASS
TEST-A,ckpt16_block_12_ffn_norm,2560,0.99647915,0.284114,0.066975,0.083915,0.083915,YES,PASS
TEST-A,ckpt16_block_23_ffn_norm,2560,0.99710140,0.259895,0.060949,0.076139,0.076139,YES,PASS
TEST-A,ckpt17_block_00_ffn_gate,6912,0.99917618,0.072658,0.014335,0.018013,0.040584,YES,PASS
TEST-A,ckpt17_block_01_ffn_gate,6912,0.99861020,0.100812,0.019429,0.024183,0.052721,YES,PASS
TEST-A,ckpt17_block_02_ffn_gate,6912,0.99856302,0.088767,0.019343,0.024285,0.053603,YES,PASS
TEST-A,ckpt17_block_03_ffn_gate,6912,0.99814361,0.118675,0.021949,0.027625,0.060926,YES,PASS
TEST-A,ckpt17_block_04_ffn_gate,6912,0.99767902,0.122917,0.024668,0.030985,0.068139,YES,PASS
TEST-A,ckpt17_block_05_ffn_gate,6912,0.99775258,0.111342,0.024018,0.030186,0.067035,YES,PASS
TEST-A,ckpt17_block_12_ffn_gate,6912,0.99664803,0.134064,0.029536,0.036940,0.081863,YES,PASS
TEST-A,ckpt17_block_23_ffn_gate,6912,0.99728778,0.135158,0.026147,0.032776,0.073657,YES,PASS
TEST-A,ckpt18_block_00_ffn_up,6912,0.99920311,0.070379,0.014282,0.017904,0.039918,YES,PASS
TEST-A,ckpt18_block_01_ffn_up,6912,0.99851216,0.101474,0.019428,0.024407,0.054547,YES,PASS
TEST-A,ckpt18_block_02_ffn_up,6912,0.99859697,0.090230,0.019257,0.024131,0.052982,YES,PASS
TEST-A,ckpt18_block_03_ffn_up,6912,0.99810505,0.121118,0.021997,0.027562,0.061572,YES,PASS
TEST-A,ckpt18_block_04_ffn_up,6912,0.99759741,0.146665,0.025232,0.031613,0.069304,YES,PASS
TEST-A,ckpt18_block_05_ffn_up,6912,0.99775734,0.131019,0.023962,0.030039,0.066953,YES,PASS
TEST-A,ckpt18_block_12_ffn_up,6912,0.99677369,0.141537,0.029315,0.036684,0.080285,YES,PASS
TEST-A,ckpt18_block_23_ffn_up,6912,0.99706337,0.122630,0.026754,0.033396,0.076657,YES,PASS
TEST-A,ckpt19_block_00_ffn_activation,6912,0.99907221,0.084613,0.004053,0.006454,0.043085,YES,PASS
TEST-A,ckpt19_block_01_ffn_activation,6912,0.99852221,0.118466,0.005631,0.008998,0.054407,YES,PASS
TEST-A,ckpt19_block_02_ffn_activation,6912,0.99860211,0.154722,0.005449,0.008650,0.052932,YES,PASS
TEST-A,ckpt19_block_03_ffn_activation,6912,0.99831083,0.119335,0.006186,0.009808,0.058120,YES,PASS
TEST-A,ckpt19_block_04_ffn_activation,6912,0.99766345,0.115460,0.007108,0.011310,0.068471,YES,PASS
TEST-A,ckpt19_block_05_ffn_activation,6912,0.99767586,0.201713,0.006887,0.011338,0.068141,YES,PASS
TEST-A,ckpt19_block_12_ffn_activation,6912,0.99595890,0.148335,0.008372,0.013005,0.089848,YES,PASS
TEST-A,ckpt19_block_23_ffn_activation,6912,0.99428046,0.117938,0.006830,0.010240,0.106906,YES,PASS
TEST-A,ckpt20_block_00_ffn_down,2560,0.99896003,0.013491,0.003326,0.004162,0.045605,YES,PASS
TEST-A,ckpt20_block_01_ffn_down,2560,0.99882972,0.016303,0.003992,0.005033,0.048375,YES,PASS
TEST-A,ckpt20_block_02_ffn_down,2560,0.99885781,0.017018,0.003805,0.004822,0.047910,YES,PASS
TEST-A,ckpt20_block_03_ffn_down,2560,0.99822883,0.020281,0.004828,0.006096,0.059518,YES,PASS
TEST-A,ckpt20_block_04_ffn_down,2560,0.99829471,0.020015,0.004810,0.006000,0.058478,YES,PASS
TEST-A,ckpt20_block_05_ffn_down,2560,0.99812189,0.021079,0.004838,0.006125,0.061268,YES,PASS
TEST-A,ckpt20_block_12_ffn_down,2560,0.99747441,0.021800,0.004895,0.006148,0.071028,YES,PASS
TEST-A,ckpt20_block_23_ffn_down,2560,0.99539974,0.016532,0.003711,0.004613,0.095814,YES,PASS
TEST-A,ckpt21_block_00_ffn_residual,2560,0.99920902,0.128224,0.033423,0.041623,0.039832,YES,PASS
TEST-A,ckpt21_block_01_ffn_residual,2560,0.99855838,0.194755,0.046960,0.058886,0.053901,YES,PASS
TEST-A,ckpt21_block_02_ffn_residual,2560,0.99859793,0.203352,0.048669,0.060700,0.053213,YES,PASS
TEST-A,ckpt21_block_03_ffn_residual,2560,0.99816438,0.238282,0.058636,0.073240,0.061192,YES,PASS
TEST-A,ckpt21_block_04_ffn_residual,2560,0.99764918,0.320363,0.070050,0.087468,0.069608,YES,PASS
TEST-A,ckpt21_block_05_ffn_residual,2560,0.99780353,0.306606,0.070966,0.088296,0.067414,YES,PASS
TEST-A,ckpt21_block_06_ffn_residual,2560,0.99721851,0.341878,0.084218,0.105036,0.076736,YES,PASS
TEST-A,ckpt21_block_07_ffn_residual,2560,0.99688477,0.383936,0.093682,0.117393,0.081679,YES,PASS
TEST-A,ckpt21_block_08_ffn_residual,2560,0.99707110,0.391252,0.094534,0.118441,0.079273,YES,PASS
TEST-A,ckpt21_block_09_ffn_residual,2560,0.99680395,0.502669,0.104225,0.130465,0.083580,YES,PASS
TEST-A,ckpt21_block_10_ffn_residual,2560,0.99668420,0.471502,0.111780,0.138935,0.085504,YES,PASS
TEST-A,ckpt21_block_11_ffn_residual,2560,0.99686036,0.486995,0.112237,0.139881,0.083463,YES,PASS
TEST-A,ckpt21_block_12_ffn_residual,2560,0.99667791,0.512588,0.120470,0.149997,0.086466,YES,PASS
TEST-A,ckpt21_block_13_ffn_residual,2560,0.99667577,0.528754,0.125274,0.156472,0.087246,YES,PASS
TEST-A,ckpt21_block_14_ffn_residual,2560,0.99683362,0.534163,0.125907,0.157212,0.085287,YES,PASS
TEST-A,ckpt21_block_15_ffn_residual,2560,0.99683200,0.575484,0.131504,0.163603,0.085809,YES,PASS
TEST-A,ckpt21_block_16_ffn_residual,2560,0.99673010,0.649277,0.137712,0.171956,0.087460,YES,PASS
TEST-A,ckpt21_block_17_ffn_residual,2560,0.99687411,0.640493,0.138566,0.172781,0.085532,YES,PASS
TEST-A,ckpt21_block_18_ffn_residual,2560,0.99683938,0.684544,0.142929,0.179133,0.086567,YES,PASS
TEST-A,ckpt21_block_19_ffn_residual,2560,0.99677107,0.662859,0.148261,0.185825,0.087488,YES,PASS
TEST-A,ckpt21_block_20_ffn_residual,2560,0.99695254,0.670738,0.149019,0.186354,0.085015,YES,PASS
TEST-A,ckpt21_block_21_ffn_residual,2560,0.99696887,0.650548,0.152032,0.190335,0.084926,YES,PASS
TEST-A,ckpt21_block_22_ffn_residual,2560,0.99691121,0.658330,0.156427,0.196371,0.085721,YES,PASS
TEST-A,ckpt21_block_23_ffn_residual,2560,0.99714534,0.640022,0.156988,0.196862,0.082001,YES,PASS
TEST-A,ckpt22_final_norm,2560,0.99714534,0.260108,0.060503,0.075560,0.075560,YES,PASS
TEST-A,ckpt23_lm_head_input,2560,0.99714534,0.260108,0.060503,0.075560,0.075560,YES,PASS
TEST-A,ckpt24_logits,65536,0.99952154,0.233580,0.037800,0.047340,0.032362,YES,PASS
TEST-B,ckpt01_embed,2560,1.00000000,0.000000,0.000000,0.000000,0.000000,NO,PASS
TEST-B,ckpt02_block_00_input,2560,1.00000000,0.000000,0.000000,0.000000,0.000000,NO,PASS
TEST-B,ckpt02_block_01_input,2560,0.99908887,0.149090,0.035971,0.044877,0.042894,YES,PASS
TEST-B,ckpt02_block_02_input,2560,0.99844036,0.230929,0.049523,0.061763,0.056387,YES,PASS
TEST-B,ckpt02_block_03_input,2560,0.99850494,0.235413,0.050913,0.063197,0.055316,YES,PASS
TEST-B,ckpt02_block_04_input,2560,0.99811005,0.272313,0.060409,0.075183,0.062635,YES,PASS
TEST-B,ckpt02_block_05_input,2560,0.99772973,0.286566,0.069511,0.087135,0.069074,YES,PASS
TEST-B,ckpt02_block_06_input,2560,0.99787760,0.295289,0.070234,0.088198,0.066968,YES,PASS
TEST-B,ckpt02_block_07_input,2560,0.99734542,0.367278,0.082881,0.104491,0.075881,YES,PASS
TEST-B,ckpt02_block_08_input,2560,0.99700713,0.481598,0.093381,0.117473,0.081206,YES,PASS
TEST-B,ckpt02_block_09_input,2560,0.99717670,0.484517,0.094114,0.118481,0.078998,YES,PASS
TEST-B,ckpt02_block_10_input,2560,0.99684570,0.557583,0.105572,0.132475,0.084463,YES,PASS
TEST-B,ckpt02_block_11_input,2560,0.99667320,0.546841,0.113330,0.142605,0.087247,YES,PASS
TEST-B,ckpt02_block_12_input,2560,0.99682869,0.563192,0.113973,0.143386,0.085194,YES,PASS
TEST-B,ckpt02_block_13_input,2560,0.99671029,0.574277,0.121399,0.152651,0.087643,YES,PASS
TEST-B,ckpt02_block_14_input,2560,0.99664019,0.613804,0.128074,0.160885,0.089354,YES,PASS
TEST-B,ckpt02_block_15_input,2560,0.99679215,0.652708,0.128652,0.161698,0.087373,YES,PASS
TEST-B,ckpt02_block_16_input,2560,0.99679984,0.705029,0.132610,0.167370,0.087491,YES,PASS
TEST-B,ckpt02_block_17_input,2560,0.99674552,0.683706,0.139668,0.175610,0.088949,YES,PASS
TEST-B,ckpt02_block_18_input,2560,0.99687354,0.700647,0.140543,0.176559,0.087320,YES,PASS
TEST-B,ckpt02_block_19_input,2560,0.99680741,0.698837,0.146388,0.183469,0.088545,YES,PASS
TEST-B,ckpt02_block_20_input,2560,0.99671186,0.726436,0.153944,0.192789,0.090526,YES,PASS
TEST-B,ckpt02_block_21_input,2560,0.99681260,0.739537,0.154635,0.193656,0.089011,YES,PASS
TEST-B,ckpt02_block_22_input,2560,0.99680072,0.753209,0.158879,0.199037,0.089389,YES,PASS
TEST-B,ckpt02_block_23_input,2560,0.99670394,0.809661,0.165334,0.207469,0.091063,YES,PASS
TEST-B,ckpt03_block_00_state_norm,2560,1.00000000,0.000017,0.000004,0.000005,0.000005,YES,PASS
TEST-B,ckpt03_block_01_state_norm,2560,0.99908887,0.140899,0.034222,0.042688,0.042688,YES,PASS
TEST-B,ckpt03_block_03_state_norm,2560,0.99850494,0.209136,0.044182,0.054682,0.054682,YES,PASS
TEST-B,ckpt03_block_04_state_norm,2560,0.99811005,0.228610,0.049428,0.061481,0.061481,YES,PASS
TEST-B,ckpt03_block_12_state_norm,2560,0.99682869,0.354939,0.063207,0.079640,0.079640,YES,PASS
TEST-B,ckpt04_block_00_state_in_proj,5120,0.99997210,0.012700,0.002723,0.003425,0.007472,YES,PASS
TEST-B,ckpt04_block_01_state_in_proj,5120,0.99915221,0.081186,0.014945,0.018808,0.041169,YES,PASS
TEST-B,ckpt04_block_03_state_in_proj,5120,0.99867302,0.086589,0.019031,0.023871,0.051500,YES,PASS
TEST-B,ckpt04_block_04_state_in_proj,5120,0.99831194,0.095554,0.021504,0.026867,0.058109,YES,PASS
TEST-B,ckpt04_block_12_state_in_proj,5120,0.99704987,0.137546,0.028023,0.035058,0.076770,YES,PASS
TEST-B,ckpt05a_block_00_state_gate,2560,0.99997013,0.011829,0.002712,0.003391,0.007730,YES,PASS
TEST-B,ckpt05a_block_01_state_gate,2560,0.99908298,0.081186,0.014837,0.018775,0.042816,YES,PASS
TEST-B,ckpt05a_block_03_state_gate,2560,0.99854157,0.086589,0.019344,0.024336,0.053989,YES,PASS
TEST-B,ckpt05a_block_04_state_gate,2560,0.99828876,0.095554,0.021411,0.026911,0.058481,YES,PASS
TEST-B,ckpt05a_block_12_state_gate,2560,0.99686160,0.127743,0.027826,0.034958,0.079204,YES,PASS
TEST-B,ckpt05b_block_00_state_value,2560,0.99997375,0.012700,0.002734,0.003460,0.007246,YES,PASS
TEST-B,ckpt05b_block_01_state_value,2560,0.99921141,0.075573,0.015053,0.018841,0.039709,YES,PASS
TEST-B,ckpt05b_block_03_state_value,2560,0.99879091,0.084221,0.018719,0.023397,0.049160,YES,PASS
TEST-B,ckpt05b_block_04_state_value,2560,0.99833606,0.089471,0.021598,0.026823,0.057742,YES,PASS
TEST-B,ckpt05b_block_12_state_value,2560,0.99721580,0.137546,0.028219,0.035158,0.074571,YES,PASS
TEST-B,ckpt06_block_00_state_conv,2560,0.54412967,1.969614,0.278223,0.368362,0.944726,YES,DIVERGED
TEST-B,ckpt06_block_01_state_conv,2560,0.56533627,1.500228,0.270808,0.356645,0.932956,YES,DIVERGED
TEST-B,ckpt06_block_03_state_conv,2560,0.54402478,1.658229,0.278586,0.367853,0.956524,YES,DIVERGED
TEST-B,ckpt06_block_04_state_conv,2560,0.55998239,1.758441,0.269998,0.357062,0.936423,YES,DIVERGED
TEST-B,ckpt06_block_12_state_conv,2560,0.54304169,1.476268,0.283133,0.372341,0.969414,YES,DIVERGED
TEST-B,ckpt07_block_00_state_silu,2560,0.99997131,0.009355,0.001358,0.001835,0.007588,YES,PASS
TEST-B,ckpt07_block_01_state_silu,2560,0.99912623,0.052957,0.007371,0.010041,0.041794,YES,PASS
TEST-B,ckpt07_block_03_state_silu,2560,0.99854085,0.062196,0.009714,0.013233,0.054028,YES,PASS
TEST-B,ckpt07_block_04_state_silu,2560,0.99835423,0.066762,0.010552,0.014222,0.057353,YES,PASS
TEST-B,ckpt07_block_12_state_silu,2560,0.99683680,0.121850,0.013706,0.018643,0.079599,YES,PASS
TEST-B,ckpt08_block_00_state_gated,2560,0.44847788,1.482639,0.051086,0.099971,1.031417,YES,DIVERGED
TEST-B,ckpt08_block_01_state_gated,2560,0.50850583,1.163053,0.049782,0.094805,0.963270,YES,DIVERGED
TEST-B,ckpt08_block_03_state_gated,2560,0.60558720,0.934554,0.050794,0.086801,0.858474,YES,DIVERGED
TEST-B,ckpt08_block_04_state_gated,2560,0.65006919,1.102989,0.049739,0.089740,0.805118,YES,DIVERGED
TEST-B,ckpt08_block_12_state_gated,2560,0.52634647,0.845793,0.050827,0.091371,0.938258,YES,DIVERGED
TEST-B,ckpt09_block_00_state_out_proj,2560,0.48010609,0.146020,0.035692,0.044541,0.991617,YES,DIVERGED
TEST-B,ckpt09_block_01_state_out_proj,2560,0.55472239,0.150975,0.033255,0.041547,0.908270,YES,DIVERGED
TEST-B,ckpt09_block_03_state_out_proj,2560,0.63895455,0.149606,0.030033,0.037429,0.822539,YES,DIVERGED
TEST-B,ckpt09_block_04_state_out_proj,2560,0.68364616,0.147745,0.031610,0.039709,0.755661,YES,DIVERGED
TEST-B,ckpt09_block_12_state_out_proj,2560,0.54477839,0.150884,0.032083,0.040385,0.897945,YES,DIVERGED
TEST-B,ckpt10_block_00_state_residual,2560,0.99904760,0.146020,0.035692,0.044541,0.043822,YES,PASS
TEST-B,ckpt10_block_01_state_residual,2560,0.99832650,0.233135,0.049252,0.061485,0.058263,YES,PASS
TEST-B,ckpt10_block_03_state_residual,2560,0.99795688,0.273663,0.060160,0.074853,0.064957,YES,PASS
TEST-B,ckpt10_block_04_state_residual,2560,0.99753539,0.290330,0.069420,0.086980,0.071803,YES,PASS
TEST-B,ckpt10_block_12_state_residual,2560,0.99650772,0.572364,0.121365,0.152564,0.089989,YES,PASS
TEST-B,ckpt11_block_02_gqa_norm,2560,0.99844036,0.198146,0.044976,0.055850,0.055850,YES,PASS
TEST-B,ckpt11_block_05_gqa_norm,2560,0.99772973,0.233209,0.053967,0.067383,0.067383,YES,PASS
TEST-B,ckpt11_block_23_gqa_norm,2560,0.99670394,0.335563,0.064610,0.081192,0.081192,YES,PASS
TEST-B,ckpt12a_block_02_gqa_q,2560,0.99843376,0.108374,0.019478,0.024517,0.056059,YES,PASS
TEST-B,ckpt12a_block_05_gqa_q,2560,0.99778107,0.113118,0.023621,0.029774,0.066639,YES,PASS
TEST-B,ckpt12a_block_23_gqa_q,2560,0.99701268,0.122650,0.028036,0.035154,0.077383,YES,PASS
TEST-B,ckpt12b_block_02_gqa_k,512,0.99854753,0.074012,0.018958,0.023814,0.053935,YES,PASS
TEST-B,ckpt12b_block_05_gqa_k,512,0.99760200,0.093048,0.024912,0.030729,0.069212,YES,PASS
TEST-B,ckpt12b_block_23_gqa_k,512,0.99718834,0.102062,0.026968,0.033951,0.074937,YES,PASS
TEST-B,ckpt12c_block_02_gqa_v,512,0.99847564,0.061939,0.019661,0.024013,0.055236,YES,PASS
TEST-B,ckpt12c_block_05_gqa_v,512,0.99810376,0.103173,0.023457,0.029019,0.061639,YES,PASS
TEST-B,ckpt12c_block_23_gqa_v,512,0.99778911,0.115453,0.028516,0.035758,0.066512,YES,PASS
TEST-B,ckpt13_block_02_gqa_attention,2560,0.99143680,0.090131,0.023326,0.029068,0.131441,YES,PASS
TEST-B,ckpt13_block_05_gqa_attention,2560,0.99110448,0.092512,0.023976,0.029644,0.133546,YES,PASS
TEST-B,ckpt13_block_23_gqa_attention,2560,0.99196484,0.106099,0.028161,0.035076,0.127292,YES,PASS
TEST-B,ckpt14_block_02_gqa_out_proj,2560,0.99192439,0.043314,0.010125,0.012697,0.127343,YES,PASS
TEST-B,ckpt14_block_05_gqa_out_proj,2560,0.99199387,0.049730,0.010029,0.012632,0.126926,YES,PASS
TEST-B,ckpt14_block_23_gqa_out_proj,2560,0.99771053,0.056643,0.012564,0.015705,0.069687,YES,PASS
TEST-B,ckpt15_block_02_gqa_residual,2560,0.99838884,0.238751,0.050749,0.063079,0.057297,YES,PASS
TEST-B,ckpt15_block_05_gqa_residual,2560,0.99772035,0.288953,0.070055,0.087856,0.069269,YES,PASS
TEST-B,ckpt15_block_23_gqa_residual,2560,0.99676122,0.796754,0.165870,0.207845,0.089973,YES,PASS
TEST-B,ckpt16_block_00_ffn_norm,2560,0.99904760,0.142255,0.035015,0.043644,0.043644,YES,PASS
TEST-B,ckpt16_block_01_ffn_norm,2560,0.99832650,0.209017,0.046473,0.057853,0.057853,YES,PASS
TEST-B,ckpt16_block_02_ffn_norm,2560,0.99838884,0.216313,0.045778,0.056765,0.056765,YES,PASS
TEST-B,ckpt16_block_03_ffn_norm,2560,0.99795688,0.242052,0.051365,0.063924,0.063924,YES,PASS
TEST-B,ckpt16_block_04_ffn_norm,2560,0.99753539,0.252163,0.056235,0.070208,0.070208,YES,PASS
TEST-B,ckpt16_block_05_ffn_norm,2560,0.99772035,0.238104,0.054102,0.067522,0.067522,YES,PASS
TEST-B,ckpt16_block_12_ffn_norm,2560,0.99650772,0.329947,0.066939,0.083574,0.083574,YES,PASS
TEST-B,ckpt16_block_23_ffn_norm,2560,0.99676122,0.326980,0.063869,0.080483,0.080483,YES,PASS
TEST-B,ckpt17_block_00_ffn_gate,6912,0.99907627,0.077587,0.015182,0.019072,0.042990,YES,PASS
TEST-B,ckpt17_block_01_ffn_gate,6912,0.99842646,0.118347,0.020456,0.025723,0.056124,YES,PASS
TEST-B,ckpt17_block_02_ffn_gate,6912,0.99846238,0.087428,0.020044,0.025101,0.055461,YES,PASS
TEST-B,ckpt17_block_03_ffn_gate,6912,0.99808833,0.105130,0.022345,0.028005,0.061804,YES,PASS
TEST-B,ckpt17_block_04_ffn_gate,6912,0.99774486,0.113333,0.024218,0.030609,0.067221,YES,PASS
TEST-B,ckpt17_block_05_ffn_gate,6912,0.99787131,0.101571,0.023431,0.029380,0.065234,YES,PASS
TEST-B,ckpt17_block_12_ffn_gate,6912,0.99667609,0.146488,0.029221,0.036665,0.081517,YES,PASS
TEST-B,ckpt17_block_23_ffn_gate,6912,0.99677386,0.139171,0.028548,0.035706,0.080340,YES,PASS
TEST-B,ckpt18_block_00_ffn_up,6912,0.99908759,0.072069,0.015309,0.019165,0.042711,YES,PASS
TEST-B,ckpt18_block_01_ffn_up,6912,0.99837025,0.095959,0.020368,0.025569,0.057141,YES,PASS
TEST-B,ckpt18_block_02_ffn_up,6912,0.99851668,0.103141,0.019784,0.024813,0.054491,YES,PASS
TEST-B,ckpt18_block_03_ffn_up,6912,0.99802890,0.110801,0.022221,0.028128,0.062819,YES,PASS
TEST-B,ckpt18_block_04_ffn_up,6912,0.99763832,0.125257,0.024955,0.031271,0.068735,YES,PASS
TEST-B,ckpt18_block_05_ffn_up,6912,0.99776069,0.129335,0.023935,0.029946,0.066937,YES,PASS
TEST-B,ckpt18_block_12_ffn_up,6912,0.99674382,0.127757,0.029345,0.036801,0.080684,YES,PASS
TEST-B,ckpt18_block_23_ffn_up,6912,0.99681104,0.154096,0.027884,0.034967,0.079900,YES,PASS
TEST-B,ckpt19_block_00_ffn_activation,6912,0.99901940,0.070787,0.004301,0.006637,0.044286,YES,PASS
TEST-B,ckpt19_block_01_ffn_activation,6912,0.99844290,0.088389,0.005806,0.009241,0.055828,YES,PASS
TEST-B,ckpt19_block_02_ffn_activation,6912,0.99841187,0.143868,0.005713,0.009218,0.056466,YES,PASS
TEST-B,ckpt19_block_03_ffn_activation,6912,0.99817992,0.139660,0.006296,0.010120,0.060319,YES,PASS
TEST-B,ckpt19_block_04_ffn_activation,6912,0.99770926,0.115855,0.007038,0.011189,0.067778,YES,PASS
TEST-B,ckpt19_block_05_ffn_activation,6912,0.99776864,0.249706,0.006799,0.011242,0.067479,YES,PASS
TEST-B,ckpt19_block_12_ffn_activation,6912,0.99589065,0.112204,0.008432,0.013011,0.090585,YES,PASS
TEST-B,ckpt19_block_23_ffn_activation,6912,0.99367316,0.125886,0.007499,0.011194,0.112400,YES,PASS
TEST-B,ckpt20_block_00_ffn_down,2560,0.99896337,0.016404,0.003331,0.004158,0.045535,YES,PASS
TEST-B,ckpt20_block_01_ffn_down,2560,0.99879744,0.020660,0.004066,0.005105,0.049028,YES,PASS
TEST-B,ckpt20_block_02_ffn_down,2560,0.99876048,0.017204,0.004019,0.005007,0.049884,YES,PASS
TEST-B,ckpt20_block_03_ffn_down,2560,0.99809304,0.024126,0.005044,0.006297,0.061776,YES,PASS
TEST-B,ckpt20_block_04_ffn_down,2560,0.99830748,0.022712,0.004790,0.006000,0.058274,YES,PASS
TEST-B,ckpt20_block_05_ffn_down,2560,0.99804246,0.027223,0.005023,0.006313,0.062981,YES,PASS
TEST-B,ckpt20_block_12_ffn_down,2560,0.99742178,0.023750,0.004909,0.006180,0.071765,YES,PASS
TEST-B,ckpt20_block_23_ffn_down,2560,0.99494046,0.019333,0.004039,0.005038,0.100472,YES,PASS
TEST-B,ckpt21_block_00_ffn_residual,2560,0.99908887,0.149090,0.035971,0.044877,0.042894,YES,PASS
TEST-B,ckpt21_block_01_ffn_residual,2560,0.99844036,0.230929,0.049523,0.061763,0.056387,YES,PASS
TEST-B,ckpt21_block_02_ffn_residual,2560,0.99850494,0.235413,0.050913,0.063197,0.055316,YES,PASS
TEST-B,ckpt21_block_03_ffn_residual,2560,0.99811005,0.272313,0.060409,0.075183,0.062635,YES,PASS
TEST-B,ckpt21_block_04_ffn_residual,2560,0.99772973,0.286566,0.069511,0.087135,0.069074,YES,PASS
TEST-B,ckpt21_block_05_ffn_residual,2560,0.99787760,0.295289,0.070234,0.088198,0.066968,YES,PASS
TEST-B,ckpt21_block_06_ffn_residual,2560,0.99734542,0.367278,0.082881,0.104491,0.075881,YES,PASS
TEST-B,ckpt21_block_07_ffn_residual,2560,0.99700713,0.481598,0.093381,0.117473,0.081206,YES,PASS
TEST-B,ckpt21_block_08_ffn_residual,2560,0.99717670,0.484517,0.094114,0.118481,0.078998,YES,PASS
TEST-B,ckpt21_block_09_ffn_residual,2560,0.99684570,0.557583,0.105572,0.132475,0.084463,YES,PASS
TEST-B,ckpt21_block_10_ffn_residual,2560,0.99667320,0.546841,0.113330,0.142605,0.087247,YES,PASS
TEST-B,ckpt21_block_11_ffn_residual,2560,0.99682869,0.563192,0.113973,0.143386,0.085194,YES,PASS
TEST-B,ckpt21_block_12_ffn_residual,2560,0.99671029,0.574277,0.121399,0.152651,0.087643,YES,PASS
TEST-B,ckpt21_block_13_ffn_residual,2560,0.99664019,0.613804,0.128074,0.160885,0.089354,YES,PASS
TEST-B,ckpt21_block_14_ffn_residual,2560,0.99679215,0.652708,0.128652,0.161698,0.087373,YES,PASS
TEST-B,ckpt21_block_15_ffn_residual,2560,0.99679984,0.705029,0.132610,0.167370,0.087491,YES,PASS
TEST-B,ckpt21_block_16_ffn_residual,2560,0.99674552,0.683706,0.139668,0.175610,0.088949,YES,PASS
TEST-B,ckpt21_block_17_ffn_residual,2560,0.99687354,0.700647,0.140543,0.176559,0.087320,YES,PASS
TEST-B,ckpt21_block_18_ffn_residual,2560,0.99680741,0.698837,0.146388,0.183469,0.088545,YES,PASS
TEST-B,ckpt21_block_19_ffn_residual,2560,0.99671186,0.726436,0.153944,0.192789,0.090526,YES,PASS
TEST-B,ckpt21_block_20_ffn_residual,2560,0.99681260,0.739537,0.154635,0.193656,0.089011,YES,PASS
TEST-B,ckpt21_block_21_ffn_residual,2560,0.99680072,0.753209,0.158879,0.199037,0.089389,YES,PASS
TEST-B,ckpt21_block_22_ffn_residual,2560,0.99670394,0.809661,0.165334,0.207469,0.091063,YES,PASS
TEST-B,ckpt21_block_23_ffn_residual,2560,0.99681331,0.801981,0.165968,0.207921,0.089260,YES,PASS
TEST-B,ckpt22_final_norm,2560,0.99681331,0.323402,0.063395,0.079833,0.079833,YES,PASS
TEST-B,ckpt23_lm_head_input,2560,0.99681331,0.323402,0.063395,0.079833,0.079833,YES,PASS
TEST-B,ckpt24_logits,65536,0.99929120,0.265435,0.037883,0.047456,0.038204,YES,PASS
TEST-C,ckpt01_embed,2560,1.00000000,0.000000,0.000000,0.000000,0.000000,NO,PASS
TEST-C,ckpt02_block_00_input,2560,1.00000000,0.000000,0.000000,0.000000,0.000000,NO,PASS
TEST-C,ckpt02_block_01_input,2560,0.99899581,0.171706,0.037618,0.046901,0.044865,YES,PASS
TEST-C,ckpt02_block_02_input,2560,0.99833348,0.211157,0.050718,0.063299,0.057952,YES,PASS
TEST-C,ckpt02_block_03_input,2560,0.99841605,0.223566,0.051525,0.064319,0.056589,YES,PASS
TEST-C,ckpt02_block_04_input,2560,0.99803437,0.269742,0.060046,0.075328,0.063195,YES,PASS
TEST-C,ckpt02_block_05_input,2560,0.99766283,0.296412,0.069272,0.086462,0.069080,YES,PASS
TEST-C,ckpt02_block_06_input,2560,0.99782273,0.300952,0.069795,0.087002,0.066768,YES,PASS
TEST-C,ckpt02_block_07_input,2560,0.99729755,0.349894,0.081853,0.101974,0.074911,YES,PASS
TEST-C,ckpt02_block_08_input,2560,0.99689608,0.392674,0.092233,0.115212,0.080620,YES,PASS
TEST-C,ckpt02_block_09_input,2560,0.99709361,0.404018,0.092975,0.115928,0.078147,YES,PASS
TEST-C,ckpt02_block_10_input,2560,0.99686933,0.455558,0.101331,0.127035,0.081885,YES,PASS
TEST-C,ckpt02_block_11_input,2560,0.99663609,0.529965,0.109423,0.136975,0.084838,YES,PASS
TEST-C,ckpt02_block_12_input,2560,0.99681124,0.537113,0.109574,0.137403,0.082702,YES,PASS
TEST-C,ckpt02_block_13_input,2560,0.99670355,0.521855,0.116515,0.145631,0.084661,YES,PASS
TEST-C,ckpt02_block_14_input,2560,0.99662374,0.533267,0.122635,0.152910,0.085999,YES,PASS
TEST-C,ckpt02_block_15_input,2560,0.99675682,0.540717,0.123440,0.153936,0.084360,YES,PASS
TEST-C,ckpt02_block_16_input,2560,0.99669594,0.621865,0.129724,0.161758,0.085617,YES,PASS
TEST-C,ckpt02_block_17_input,2560,0.99665465,0.638458,0.134467,0.168041,0.086241,YES,PASS
TEST-C,ckpt02_block_18_input,2560,0.99680133,0.631301,0.134951,0.168629,0.084351,YES,PASS
TEST-C,ckpt02_block_19_input,2560,0.99669574,0.640181,0.141182,0.176522,0.086110,YES,PASS
TEST-C,ckpt02_block_20_input,2560,0.99667617,0.619035,0.146147,0.182327,0.086576,YES,PASS
TEST-C,ckpt02_block_21_input,2560,0.99679206,0.638898,0.146708,0.182927,0.085056,YES,PASS
TEST-C,ckpt02_block_22_input,2560,0.99677074,0.671427,0.150749,0.188397,0.085562,YES,PASS
TEST-C,ckpt02_block_23_input,2560,0.99669241,0.702186,0.155870,0.195633,0.086821,YES,PASS
TEST-C,ckpt03_block_00_state_norm,2560,1.00000000,0.000017,0.000004,0.000005,0.000005,YES,PASS
TEST-C,ckpt03_block_01_state_norm,2560,0.99899581,0.167060,0.035890,0.044815,0.044815,YES,PASS
TEST-C,ckpt03_block_03_state_norm,2560,0.99841605,0.194817,0.045132,0.056284,0.056284,YES,PASS
TEST-C,ckpt03_block_04_state_norm,2560,0.99803437,0.220091,0.050014,0.062700,0.062700,YES,PASS
TEST-C,ckpt03_block_12_state_norm,2560,0.99681124,0.299741,0.063666,0.079859,0.079859,YES,PASS
TEST-C,ckpt04_block_00_state_in_proj,5120,0.99997210,0.012700,0.002723,0.003425,0.007472,YES,PASS
TEST-C,ckpt04_block_01_state_in_proj,5120,0.99902228,0.109625,0.016148,0.020189,0.044211,YES,PASS
TEST-C,ckpt04_block_03_state_in_proj,5120,0.99860495,0.093269,0.019619,0.024535,0.052813,YES,PASS
TEST-C,ckpt04_block_04_state_in_proj,5120,0.99824986,0.113368,0.021738,0.027355,0.059150,YES,PASS
TEST-C,ckpt04_block_12_state_in_proj,5120,0.99710282,0.121145,0.027867,0.034687,0.076115,YES,PASS
TEST-C,ckpt05a_block_00_state_gate,2560,0.99997013,0.011829,0.002712,0.003391,0.007730,YES,PASS
TEST-C,ckpt05a_block_01_state_gate,2560,0.99895327,0.109625,0.016070,0.020063,0.045749,YES,PASS
TEST-C,ckpt05a_block_03_state_gate,2560,0.99847438,0.093269,0.019987,0.024950,0.055225,YES,PASS
TEST-C,ckpt05a_block_04_state_gate,2560,0.99821521,0.113368,0.021859,0.027478,0.059719,YES,PASS
TEST-C,ckpt05a_block_12_state_gate,2560,0.99686219,0.121145,0.028269,0.034986,0.079194,YES,PASS
TEST-C,ckpt05b_block_00_state_value,2560,0.99997375,0.012700,0.002734,0.003460,0.007246,YES,PASS
TEST-C,ckpt05b_block_01_state_value,2560,0.99908149,0.072835,0.016226,0.020314,0.042851,YES,PASS
TEST-C,ckpt05b_block_03_state_value,2560,0.99872207,0.083041,0.019252,0.024114,0.050552,YES,PASS
TEST-C,ckpt05b_block_04_state_value,2560,0.99828487,0.093896,0.021616,0.027230,0.058586,YES,PASS
TEST-C,ckpt05b_block_12_state_value,2560,0.99731615,0.115437,0.027466,0.034385,0.073279,YES,PASS
TEST-C,ckpt06_block_00_state_conv,2560,0.55205085,1.758997,0.276354,0.364712,0.942471,YES,DIVERGED
TEST-C,ckpt06_block_01_state_conv,2560,0.54979583,1.707896,0.278636,0.367898,0.954217,YES,DIVERGED
TEST-C,ckpt06_block_03_state_conv,2560,0.55437407,2.202508,0.278057,0.365536,0.944820,YES,DIVERGED
TEST-C,ckpt06_block_04_state_conv,2560,0.51457512,2.011266,0.287866,0.382337,0.991936,YES,DIVERGED
TEST-C,ckpt06_block_12_state_conv,2560,0.55973618,1.847156,0.275466,0.362170,0.943757,YES,DIVERGED
TEST-C,ckpt07_block_00_state_silu,2560,0.99997131,0.009355,0.001358,0.001835,0.007588,YES,PASS
TEST-C,ckpt07_block_01_state_silu,2560,0.99899198,0.048031,0.008086,0.010803,0.044938,YES,PASS
TEST-C,ckpt07_block_03_state_silu,2560,0.99848291,0.067770,0.010070,0.013497,0.055063,YES,PASS
TEST-C,ckpt07_block_04_state_silu,2560,0.99819285,0.075762,0.010816,0.014869,0.060136,YES,PASS
TEST-C,ckpt07_block_12_state_silu,2560,0.99694218,0.088640,0.013920,0.018472,0.078264,YES,PASS
TEST-C,ckpt08_block_00_state_gated,2560,0.41017348,1.704093,0.051402,0.106682,1.099678,YES,DIVERGED
TEST-C,ckpt08_block_01_state_gated,2560,0.49338541,1.080255,0.050969,0.094561,0.988982,YES,DIVERGED
TEST-C,ckpt08_block_03_state_gated,2560,0.57418345,0.702306,0.052734,0.090701,0.921658,YES,DIVERGED
TEST-C,ckpt08_block_04_state_gated,2560,0.55581732,1.240080,0.052228,0.096072,0.924052,YES,DIVERGED
TEST-C,ckpt08_block_12_state_gated,2560,0.57755685,1.233973,0.049743,0.092030,0.887260,YES,DIVERGED
TEST-C,ckpt09_block_00_state_out_proj,2560,0.45440968,0.169901,0.037341,0.046717,1.049337,YES,DIVERGED
TEST-C,ckpt09_block_01_state_out_proj,2560,0.51332978,0.161976,0.033256,0.041649,0.955137,YES,DIVERGED
TEST-C,ckpt09_block_03_state_out_proj,2560,0.61029777,0.158494,0.031160,0.039354,0.877458,YES,DIVERGED
TEST-C,ckpt09_block_04_state_out_proj,2560,0.59465885,0.158063,0.032955,0.041678,0.868909,YES,DIVERGED
TEST-C,ckpt09_block_12_state_out_proj,2560,0.58263343,0.140515,0.033087,0.041248,0.871243,YES,DIVERGED
TEST-C,ckpt10_block_00_state_residual,2560,0.99894322,0.169901,0.037341,0.046717,0.046003,YES,PASS
TEST-C,ckpt10_block_01_state_residual,2560,0.99821989,0.208343,0.050483,0.062962,0.059823,YES,PASS
TEST-C,ckpt10_block_03_state_residual,2560,0.99786877,0.265788,0.059899,0.075198,0.065724,YES,PASS
TEST-C,ckpt10_block_04_state_residual,2560,0.99746534,0.306035,0.069125,0.086281,0.071820,YES,PASS
TEST-C,ckpt10_block_12_state_residual,2560,0.99651266,0.522882,0.116277,0.145337,0.086880,YES,PASS
TEST-C,ckpt11_block_02_gqa_norm,2560,0.99833348,0.195495,0.046374,0.057732,0.057732,YES,PASS
TEST-C,ckpt11_block_05_gqa_norm,2560,0.99766283,0.241343,0.054712,0.068369,0.068369,YES,PASS
TEST-C,ckpt11_block_23_gqa_norm,2560,0.99669241,0.285314,0.064703,0.081334,0.081334,YES,PASS
TEST-C,ckpt12a_block_02_gqa_q,2560,0.99821965,0.086765,0.021116,0.026105,0.059696,YES,PASS
TEST-C,ckpt12a_block_05_gqa_q,2560,0.99783113,0.108098,0.023514,0.029417,0.065827,YES,PASS
TEST-C,ckpt12a_block_23_gqa_q,2560,0.99697517,0.138630,0.028245,0.035267,0.077802,YES,PASS
TEST-C,ckpt12b_block_02_gqa_k,512,0.99829751,0.082589,0.020778,0.025706,0.058328,YES,PASS
TEST-C,ckpt12b_block_05_gqa_k,512,0.99766551,0.096219,0.024134,0.030349,0.068304,YES,PASS
TEST-C,ckpt12b_block_23_gqa_k,512,0.99704621,0.118035,0.027668,0.035002,0.076814,YES,PASS
TEST-C,ckpt12c_block_02_gqa_v,512,0.99821771,0.080116,0.020411,0.025909,0.059715,YES,PASS
TEST-C,ckpt12c_block_05_gqa_v,512,0.99792062,0.097093,0.024653,0.030380,0.064476,YES,PASS
TEST-C,ckpt12c_block_23_gqa_v,512,0.99792602,0.112038,0.027475,0.034675,0.064381,YES,PASS
TEST-C,ckpt13_block_02_gqa_attention,2560,0.99153859,0.059119,0.014894,0.018851,0.130461,YES,PASS
TEST-C,ckpt13_block_05_gqa_attention,2560,0.98977843,0.080855,0.017749,0.022021,0.144182,YES,PASS
TEST-C,ckpt13_block_23_gqa_attention,2560,0.99376487,0.086373,0.021035,0.026051,0.111948,YES,PASS
TEST-C,ckpt14_block_02_gqa_out_proj,2560,0.99178375,0.028778,0.006625,0.008264,0.129004,YES,PASS
TEST-C,ckpt14_block_05_gqa_out_proj,2560,0.99045226,0.040607,0.007672,0.009692,0.139625,YES,PASS
TEST-C,ckpt14_block_23_gqa_out_proj,2560,0.99846143,0.048092,0.009064,0.011371,0.055464,YES,PASS
TEST-C,ckpt15_block_02_gqa_residual,2560,0.99830908,0.213468,0.051152,0.063920,0.058372,YES,PASS
TEST-C,ckpt15_block_05_gqa_residual,2560,0.99765927,0.300420,0.069657,0.086743,0.069147,YES,PASS
TEST-C,ckpt15_block_23_gqa_residual,2560,0.99675649,0.699152,0.155698,0.195765,0.085857,YES,PASS
TEST-C,ckpt16_block_00_ffn_norm,2560,0.99894322,0.169854,0.036701,0.045973,0.045973,YES,PASS
TEST-C,ckpt16_block_01_ffn_norm,2560,0.99821989,0.199993,0.047985,0.059667,0.059668,YES,PASS
TEST-C,ckpt16_block_02_ffn_norm,2560,0.99830908,0.197360,0.046571,0.058153,0.058153,YES,PASS
TEST-C,ckpt16_block_03_ffn_norm,2560,0.99786877,0.218132,0.052040,0.065287,0.065287,YES,PASS
TEST-C,ckpt16_block_04_ffn_norm,2560,0.99746534,0.249240,0.056970,0.071199,0.071199,YES,PASS
TEST-C,ckpt16_block_05_ffn_norm,2560,0.99765927,0.237620,0.054897,0.068421,0.068421,YES,PASS
TEST-C,ckpt16_block_12_ffn_norm,2560,0.99651266,0.299185,0.066753,0.083514,0.083514,YES,PASS
TEST-C,ckpt16_block_23_ffn_norm,2560,0.99675649,0.276457,0.064073,0.080542,0.080542,YES,PASS
TEST-C,ckpt17_block_00_ffn_gate,6912,0.99894473,0.079565,0.016273,0.020388,0.045956,YES,PASS
TEST-C,ckpt17_block_01_ffn_gate,6912,0.99838107,0.108306,0.020865,0.026082,0.056896,YES,PASS
TEST-C,ckpt17_block_02_ffn_gate,6912,0.99843784,0.102576,0.020194,0.025358,0.055907,YES,PASS
TEST-C,ckpt17_block_03_ffn_gate,6912,0.99802078,0.100871,0.022746,0.028521,0.062915,YES,PASS
TEST-C,ckpt17_block_04_ffn_gate,6912,0.99767417,0.114363,0.024890,0.031071,0.068196,YES,PASS
TEST-C,ckpt17_block_05_ffn_gate,6912,0.99778151,0.111914,0.023932,0.029983,0.066605,YES,PASS
TEST-C,ckpt17_block_12_ffn_gate,6912,0.99670753,0.156326,0.028861,0.036535,0.081123,YES,PASS
TEST-C,ckpt17_block_23_ffn_gate,6912,0.99692287,0.130592,0.027909,0.034766,0.078427,YES,PASS
TEST-C,ckpt18_block_00_ffn_up,6912,0.99898309,0.080607,0.016109,0.020232,0.045097,YES,PASS
TEST-C,ckpt18_block_01_ffn_up,6912,0.99826823,0.114377,0.021022,0.026327,0.058865,YES,PASS
TEST-C,ckpt18_block_02_ffn_up,6912,0.99844458,0.095988,0.020275,0.025409,0.055773,YES,PASS
TEST-C,ckpt18_block_03_ffn_up,6912,0.99797306,0.107880,0.022812,0.028509,0.063686,YES,PASS
TEST-C,ckpt18_block_04_ffn_up,6912,0.99766954,0.121720,0.024903,0.031149,0.068317,YES,PASS
TEST-C,ckpt18_block_05_ffn_up,6912,0.99773509,0.112508,0.024066,0.030187,0.067295,YES,PASS
TEST-C,ckpt18_block_12_ffn_up,6912,0.99683036,0.135877,0.029026,0.036344,0.079589,YES,PASS
TEST-C,ckpt18_block_23_ffn_up,6912,0.99677599,0.140849,0.028127,0.035230,0.080410,YES,PASS
TEST-C,ckpt19_block_00_ffn_activation,6912,0.99891132,0.065460,0.004504,0.007043,0.046853,YES,PASS
TEST-C,ckpt19_block_01_ffn_activation,6912,0.99829018,0.116821,0.006065,0.009697,0.058477,YES,PASS
TEST-C,ckpt19_block_02_ffn_activation,6912,0.99847975,0.117913,0.005771,0.009072,0.055162,YES,PASS
TEST-C,ckpt19_block_03_ffn_activation,6912,0.99814004,0.094812,0.006485,0.010201,0.061030,YES,PASS
TEST-C,ckpt19_block_04_ffn_activation,6912,0.99770518,0.106972,0.007145,0.011311,0.067718,YES,PASS
TEST-C,ckpt19_block_05_ffn_activation,6912,0.99797299,0.148824,0.006788,0.010688,0.063815,YES,PASS
TEST-C,ckpt19_block_12_ffn_activation,6912,0.99564548,0.192592,0.008491,0.013591,0.093223,YES,PASS
TEST-C,ckpt19_block_23_ffn_activation,6912,0.99420770,0.115650,0.007284,0.010725,0.107519,YES,PASS
TEST-C,ckpt20_block_00_ffn_down,2560,0.99883807,0.014644,0.003551,0.004435,0.048414,YES,PASS
TEST-C,ckpt20_block_01_ffn_down,2560,0.99871049,0.018339,0.004243,0.005309,0.050895,YES,PASS
TEST-C,ckpt20_block_02_ffn_down,2560,0.99876597,0.020323,0.003998,0.005045,0.049800,YES,PASS
TEST-C,ckpt20_block_03_ffn_down,2560,0.99811406,0.021801,0.004963,0.006250,0.061401,YES,PASS
TEST-C,ckpt20_block_04_ffn_down,2560,0.99842927,0.020287,0.004669,0.005803,0.056034,YES,PASS
TEST-C,ckpt20_block_05_ffn_down,2560,0.99805250,0.022607,0.005028,0.006297,0.062495,YES,PASS
TEST-C,ckpt20_block_12_ffn_down,2560,0.99745650,0.024905,0.004938,0.006262,0.071406,YES,PASS
TEST-C,ckpt20_block_23_ffn_down,2560,0.99530561,0.016641,0.003876,0.004884,0.096788,YES,PASS
TEST-C,ckpt21_block_00_ffn_residual,2560,0.99899581,0.171706,0.037618,0.046901,0.044865,YES,PASS
TEST-C,ckpt21_block_01_ffn_residual,2560,0.99833348,0.211157,0.050718,0.063299,0.057952,YES,PASS
TEST-C,ckpt21_block_02_ffn_residual,2560,0.99841605,0.223566,0.051525,0.064319,0.056589,YES,PASS
TEST-C,ckpt21_block_03_ffn_residual,2560,0.99803437,0.269742,0.060046,0.075328,0.063195,YES,PASS
TEST-C,ckpt21_block_04_ffn_residual,2560,0.99766283,0.296412,0.069272,0.086462,0.069080,YES,PASS
TEST-C,ckpt21_block_05_ffn_residual,2560,0.99782273,0.300952,0.069795,0.087002,0.066768,YES,PASS
TEST-C,ckpt21_block_06_ffn_residual,2560,0.99729755,0.349894,0.081853,0.101974,0.074911,YES,PASS
TEST-C,ckpt21_block_07_ffn_residual,2560,0.99689608,0.392674,0.092233,0.115212,0.080620,YES,PASS
TEST-C,ckpt21_block_08_ffn_residual,2560,0.99709361,0.404018,0.092975,0.115928,0.078147,YES,PASS
TEST-C,ckpt21_block_09_ffn_residual,2560,0.99686933,0.455558,0.101331,0.127035,0.081885,YES,PASS
TEST-C,ckpt21_block_10_ffn_residual,2560,0.99663609,0.529965,0.109423,0.136975,0.084838,YES,PASS
TEST-C,ckpt21_block_11_ffn_residual,2560,0.99681124,0.537113,0.109574,0.137403,0.082702,YES,PASS
TEST-C,ckpt21_block_12_ffn_residual,2560,0.99670355,0.521855,0.116515,0.145631,0.084661,YES,PASS
TEST-C,ckpt21_block_13_ffn_residual,2560,0.99662374,0.533267,0.122635,0.152910,0.085999,YES,PASS
TEST-C,ckpt21_block_14_ffn_residual,2560,0.99675682,0.540717,0.123440,0.153936,0.084360,YES,PASS
TEST-C,ckpt21_block_15_ffn_residual,2560,0.99669594,0.621865,0.129724,0.161758,0.085617,YES,PASS
TEST-C,ckpt21_block_16_ffn_residual,2560,0.99665465,0.638458,0.134467,0.168041,0.086241,YES,PASS
TEST-C,ckpt21_block_17_ffn_residual,2560,0.99680133,0.631301,0.134951,0.168629,0.084351,YES,PASS
TEST-C,ckpt21_block_18_ffn_residual,2560,0.99669574,0.640181,0.141182,0.176522,0.086110,YES,PASS
TEST-C,ckpt21_block_19_ffn_residual,2560,0.99667617,0.619035,0.146147,0.182327,0.086576,YES,PASS
TEST-C,ckpt21_block_20_ffn_residual,2560,0.99679206,0.638898,0.146708,0.182927,0.085056,YES,PASS
TEST-C,ckpt21_block_21_ffn_residual,2560,0.99677074,0.671427,0.150749,0.188397,0.085562,YES,PASS
TEST-C,ckpt21_block_22_ffn_residual,2560,0.99669241,0.702186,0.155870,0.195633,0.086821,YES,PASS
TEST-C,ckpt21_block_23_ffn_residual,2560,0.99681527,0.704939,0.155783,0.195691,0.085082,YES,PASS
TEST-C,ckpt22_final_norm,2560,0.99681527,0.274056,0.063506,0.079809,0.079809,YES,PASS
TEST-C,ckpt23_lm_head_input,2560,0.99681527,0.274056,0.063506,0.079809,0.079809,YES,PASS
TEST-C,ckpt24_logits,65536,0.99930123,0.239825,0.037117,0.046599,0.037584,YES,PASS
TEST-D,ckpt01_embed,2560,1.00000000,0.000000,0.000000,0.000000,0.000000,NO,PASS
TEST-D,ckpt02_block_00_input,2560,1.00000000,0.000000,0.000000,0.000000,0.000000,NO,PASS
TEST-D,ckpt02_block_01_input,2560,0.99925727,0.140717,0.030612,0.038346,0.038551,YES,PASS
TEST-D,ckpt02_block_02_input,2560,0.99859039,0.172403,0.042289,0.052945,0.053147,YES,PASS
TEST-D,ckpt02_block_03_input,2560,0.99853582,0.182534,0.043331,0.054198,0.054167,YES,PASS
TEST-D,ckpt02_block_04_input,2560,0.99789798,0.229047,0.052030,0.065077,0.064835,YES,PASS
TEST-D,ckpt02_block_05_input,2560,0.99712864,0.276753,0.060565,0.076141,0.075795,YES,PASS
TEST-D,ckpt02_block_06_input,2560,0.99708077,0.280961,0.061516,0.077010,0.076404,YES,PASS
TEST-D,ckpt02_block_07_input,2560,0.99633828,0.315945,0.068994,0.086491,0.085530,YES,PASS
TEST-D,ckpt02_block_08_input,2560,0.99552874,0.337151,0.076361,0.095873,0.094509,YES,PASS
TEST-D,ckpt02_block_09_input,2560,0.99552127,0.344504,0.076985,0.096758,0.094578,YES,PASS
TEST-D,ckpt02_block_10_input,2560,0.99501441,0.369927,0.082073,0.102482,0.099765,YES,PASS
TEST-D,ckpt02_block_11_input,2560,0.99441587,0.367438,0.086961,0.108525,0.105595,YES,PASS
TEST-D,ckpt02_block_12_input,2560,0.99440213,0.368317,0.087445,0.109369,0.105696,YES,PASS
TEST-D,ckpt02_block_13_input,2560,0.99370624,0.431082,0.092806,0.116033,0.112100,YES,PASS
TEST-D,ckpt02_block_14_input,2560,0.99296281,0.441597,0.098054,0.123022,0.118533,YES,PASS
TEST-D,ckpt02_block_15_input,2560,0.99295713,0.434603,0.098611,0.123723,0.118579,YES,PASS
TEST-D,ckpt02_block_16_input,2560,0.99217409,0.476668,0.104521,0.130995,0.124944,YES,PASS
TEST-D,ckpt02_block_17_input,2560,0.99161603,0.532579,0.108650,0.135798,0.129297,YES,PASS
TEST-D,ckpt02_block_18_input,2560,0.99176488,0.526360,0.108952,0.136567,0.128153,YES,PASS
TEST-D,ckpt02_block_19_input,2560,0.99129258,0.507874,0.112664,0.140856,0.131782,YES,PASS
TEST-D,ckpt02_block_20_input,2560,0.99071984,0.518721,0.117162,0.145980,0.136036,YES,PASS
TEST-D,ckpt02_block_21_input,2560,0.99114132,0.514636,0.117304,0.146667,0.132895,YES,PASS
TEST-D,ckpt02_block_22_input,2560,0.99063510,0.552760,0.120897,0.151620,0.136619,YES,PASS
TEST-D,ckpt02_block_23_input,2560,0.98991422,0.541902,0.126159,0.158134,0.141755,YES,PASS
TEST-D,ckpt03_block_00_state_norm,2560,1.00000000,0.000020,0.000004,0.000005,0.000005,YES,PASS
TEST-D,ckpt03_block_01_state_norm,2560,0.99925727,0.141177,0.030769,0.038542,0.038542,YES,PASS
TEST-D,ckpt03_block_03_state_norm,2560,0.99853582,0.183163,0.043268,0.054114,0.054114,YES,PASS
TEST-D,ckpt03_block_04_state_norm,2560,0.99789798,0.228118,0.051839,0.064838,0.064838,YES,PASS
TEST-D,ckpt03_block_12_state_norm,2560,0.99440213,0.355768,0.084650,0.105810,0.105810,YES,PASS
TEST-D,ckpt04_block_00_state_in_proj,5120,0.99996465,0.014552,0.002971,0.003689,0.008421,YES,PASS
TEST-D,ckpt04_block_01_state_in_proj,5120,0.99922501,0.062051,0.013822,0.017233,0.039367,YES,PASS
TEST-D,ckpt04_block_03_state_in_proj,5120,0.99840049,0.088156,0.019191,0.024072,0.056538,YES,PASS
TEST-D,ckpt04_block_04_state_in_proj,5120,0.99787765,0.124164,0.022450,0.028140,0.065210,YES,PASS
TEST-D,ckpt04_block_12_state_in_proj,5120,0.99446921,0.172364,0.037097,0.046429,0.105133,YES,PASS
TEST-D,ckpt05a_block_00_state_gate,2560,0.99996496,0.013334,0.002941,0.003659,0.008378,YES,PASS
TEST-D,ckpt05a_block_01_state_gate,2560,0.99919810,0.060265,0.013970,0.017370,0.040057,YES,PASS
TEST-D,ckpt05a_block_03_state_gate,2560,0.99838429,0.083578,0.019385,0.024142,0.056824,YES,PASS
TEST-D,ckpt05a_block_04_state_gate,2560,0.99793465,0.092429,0.022603,0.028145,0.064387,YES,PASS
TEST-D,ckpt05a_block_12_state_gate,2560,0.99438443,0.158577,0.037914,0.047221,0.106011,YES,PASS
TEST-D,ckpt05b_block_00_state_value,2560,0.99996436,0.014552,0.003001,0.003720,0.008464,YES,PASS
TEST-D,ckpt05b_block_01_state_value,2560,0.99925128,0.062051,0.013674,0.017094,0.038690,YES,PASS
TEST-D,ckpt05b_block_03_state_value,2560,0.99841656,0.088156,0.018997,0.024002,0.056254,YES,PASS
TEST-D,ckpt05b_block_04_state_value,2560,0.99781848,0.124164,0.022298,0.028134,0.066065,YES,PASS
TEST-D,ckpt05b_block_12_state_value,2560,0.99455950,0.172364,0.036280,0.045623,0.104215,YES,PASS
TEST-D,ckpt06_block_00_state_conv,2560,0.52707841,1.648918,0.284677,0.377494,0.974874,YES,DIVERGED
TEST-D,ckpt06_block_01_state_conv,2560,0.54591147,1.557782,0.278102,0.365804,0.963630,YES,DIVERGED
TEST-D,ckpt06_block_03_state_conv,2560,0.55246800,1.738446,0.281733,0.365863,0.931736,YES,DIVERGED
TEST-D,ckpt06_block_04_state_conv,2560,0.55079621,1.615202,0.277859,0.362926,0.950566,YES,DIVERGED
TEST-D,ckpt06_block_12_state_conv,2560,0.54414122,1.700111,0.278012,0.370190,0.956380,YES,DIVERGED
TEST-D,ckpt07_block_00_state_silu,2560,0.99996452,0.008943,0.001483,0.001989,0.008424,YES,PASS
TEST-D,ckpt07_block_01_state_silu,2560,0.99915738,0.048823,0.007010,0.009381,0.041056,YES,PASS
TEST-D,ckpt07_block_03_state_silu,2560,0.99831514,0.056051,0.009887,0.013199,0.058038,YES,PASS
TEST-D,ckpt07_block_04_state_silu,2560,0.99782328,0.071655,0.011390,0.015419,0.066234,YES,PASS
TEST-D,ckpt07_block_12_state_silu,2560,0.99407153,0.129443,0.018786,0.025407,0.108883,YES,PASS
TEST-D,ckpt08_block_00_state_gated,2560,0.53985131,0.968088,0.048844,0.086728,0.930816,YES,DIVERGED
TEST-D,ckpt08_block_01_state_gated,2560,0.50576471,0.928496,0.048742,0.085759,1.011529,YES,DIVERGED
TEST-D,ckpt08_block_03_state_gated,2560,0.56027569,0.582930,0.049047,0.082256,0.909956,YES,DIVERGED
TEST-D,ckpt08_block_04_state_gated,2560,0.53015527,0.696336,0.049325,0.082853,0.981429,YES,DIVERGED
TEST-D,ckpt08_block_12_state_gated,2560,0.52536087,0.764078,0.049441,0.087091,0.959016,YES,DIVERGED
TEST-D,ckpt09_block_00_state_out_proj,2560,0.53778657,0.137832,0.030520,0.038246,0.925989,YES,DIVERGED
TEST-D,ckpt09_block_01_state_out_proj,2560,0.52392850,0.128726,0.029255,0.036487,0.990219,YES,DIVERGED
TEST-D,ckpt09_block_03_state_out_proj,2560,0.57457770,0.123449,0.028860,0.036386,0.895414,YES,DIVERGED
TEST-D,ckpt09_block_04_state_out_proj,2560,0.52906586,0.141473,0.029314,0.036915,0.978076,YES,DIVERGED
TEST-D,ckpt09_block_12_state_out_proj,2560,0.52725557,0.145921,0.030411,0.038064,0.956540,YES,DIVERGED
TEST-D,ckpt10_block_00_state_residual,2560,0.99925896,0.137832,0.030520,0.038246,0.038508,YES,PASS
TEST-D,ckpt10_block_01_state_residual,2560,0.99858929,0.172773,0.042240,0.052913,0.053167,YES,PASS
TEST-D,ckpt10_block_03_state_residual,2560,0.99789961,0.227987,0.051974,0.065021,0.064814,YES,PASS
TEST-D,ckpt10_block_04_state_residual,2560,0.99713491,0.280322,0.060563,0.076045,0.075711,YES,PASS
TEST-D,ckpt10_block_12_state_residual,2560,0.99368478,0.419050,0.092788,0.116132,0.112294,YES,PASS
TEST-D,ckpt11_block_02_gqa_norm,2560,0.99859039,0.174107,0.042421,0.053096,0.053096,YES,PASS
TEST-D,ckpt11_block_05_gqa_norm,2560,0.99712864,0.275434,0.060284,0.075781,0.075781,YES,PASS
TEST-D,ckpt11_block_23_gqa_norm,2560,0.98991422,0.488681,0.113276,0.142026,0.142026,YES,PASS
TEST-D,ckpt12a_block_02_gqa_q,2560,0.99858418,0.081133,0.018488,0.023225,0.053282,YES,PASS
TEST-D,ckpt12a_block_05_gqa_q,2560,0.99717108,0.132680,0.025576,0.032349,0.075232,YES,PASS
TEST-D,ckpt12a_block_23_gqa_q,2560,0.99130372,0.228485,0.049723,0.062076,0.131600,YES,PASS
TEST-D,ckpt12b_block_02_gqa_k,512,0.99868303,0.069902,0.018525,0.023452,0.051323,YES,PASS
TEST-D,ckpt12b_block_05_gqa_k,512,0.99701551,0.104587,0.027601,0.033873,0.077205,YES,PASS
TEST-D,ckpt12b_block_23_gqa_k,512,0.98954157,0.206225,0.050639,0.063687,0.144727,YES,PASS
TEST-D,ckpt12c_block_02_gqa_v,512,0.99856390,0.065571,0.018779,0.023414,0.053575,YES,PASS
TEST-D,ckpt12c_block_05_gqa_v,512,0.99744234,0.088985,0.024719,0.030662,0.071483,YES,PASS
TEST-D,ckpt12c_block_23_gqa_v,512,0.99070900,0.173276,0.050244,0.061835,0.136121,YES,PASS
TEST-D,ckpt13_block_02_gqa_attention,2560,0.99236191,0.080057,0.020767,0.025507,0.123455,YES,PASS
TEST-D,ckpt13_block_05_gqa_attention,2560,0.99121227,0.083718,0.021658,0.026995,0.133544,YES,PASS
TEST-D,ckpt13_block_23_gqa_attention,2560,0.99433361,0.111299,0.027169,0.034186,0.106307,YES,PASS
TEST-D,ckpt14_block_02_gqa_out_proj,2560,0.99334914,0.038944,0.008660,0.010925,0.115166,YES,PASS
TEST-D,ckpt14_block_05_gqa_out_proj,2560,0.99164131,0.046432,0.009266,0.011698,0.129905,YES,PASS
TEST-D,ckpt14_block_23_gqa_out_proj,2560,0.99869966,0.053926,0.012557,0.015656,0.052475,YES,PASS
TEST-D,ckpt15_block_02_gqa_residual,2560,0.99854204,0.182290,0.043189,0.054037,0.054059,YES,PASS
TEST-D,ckpt15_block_05_gqa_residual,2560,0.99709469,0.277567,0.061345,0.076840,0.076222,YES,PASS
TEST-D,ckpt15_block_23_gqa_residual,2560,0.99151789,0.543318,0.126918,0.159348,0.129977,YES,PASS
TEST-D,ckpt16_block_00_ffn_norm,2560,0.99925896,0.138479,0.030725,0.038498,0.038498,YES,PASS
TEST-D,ckpt16_block_01_ffn_norm,2560,0.99858929,0.174349,0.042419,0.053117,0.053117,YES,PASS
TEST-D,ckpt16_block_02_ffn_norm,2560,0.99854204,0.183264,0.043159,0.053999,0.053999,YES,PASS
TEST-D,ckpt16_block_03_ffn_norm,2560,0.99789961,0.227267,0.051808,0.064813,0.064813,YES,PASS
TEST-D,ckpt16_block_04_ffn_norm,2560,0.99713491,0.279026,0.060291,0.075698,0.075698,YES,PASS
TEST-D,ckpt16_block_05_ffn_norm,2560,0.99709469,0.275355,0.060853,0.076227,0.076227,YES,PASS
TEST-D,ckpt16_block_12_ffn_norm,2560,0.99368478,0.405107,0.089831,0.112385,0.112385,YES,PASS
TEST-D,ckpt16_block_23_ffn_norm,2560,0.99151789,0.436752,0.103672,0.130247,0.130247,YES,PASS
TEST-D,ckpt17_block_00_ffn_gate,6912,0.99920926,0.064868,0.013677,0.017072,0.039768,YES,PASS
TEST-D,ckpt17_block_01_ffn_gate,6912,0.99856883,0.084345,0.018622,0.023331,0.053483,YES,PASS
TEST-D,ckpt17_block_02_ffn_gate,6912,0.99849596,0.097629,0.018951,0.023721,0.054846,YES,PASS
TEST-D,ckpt17_block_03_ffn_gate,6912,0.99783309,0.108315,0.022788,0.028429,0.065819,YES,PASS
TEST-D,ckpt17_block_04_ffn_gate,6912,0.99708120,0.139296,0.026662,0.033477,0.076412,YES,PASS
TEST-D,ckpt17_block_05_ffn_gate,6912,0.99710589,0.124615,0.026266,0.033095,0.076067,YES,PASS
TEST-D,ckpt17_block_12_ffn_gate,6912,0.99356552,0.220182,0.039636,0.049534,0.113530,YES,PASS
TEST-D,ckpt17_block_23_ffn_gate,6912,0.99204512,0.230501,0.044992,0.056505,0.126069,YES,PASS
TEST-D,ckpt18_block_00_ffn_up,6912,0.99923534,0.065367,0.013534,0.017048,0.039147,YES,PASS
TEST-D,ckpt18_block_01_ffn_up,6912,0.99853452,0.098023,0.018638,0.023270,0.054124,YES,PASS
TEST-D,ckpt18_block_02_ffn_up,6912,0.99848867,0.089470,0.019144,0.023863,0.054973,YES,PASS
TEST-D,ckpt18_block_03_ffn_up,6912,0.99788547,0.107929,0.022503,0.028361,0.065026,YES,PASS
TEST-D,ckpt18_block_04_ffn_up,6912,0.99710284,0.118622,0.026679,0.033201,0.076106,YES,PASS
TEST-D,ckpt18_block_05_ffn_up,6912,0.99714198,0.126940,0.026555,0.033147,0.075652,YES,PASS
TEST-D,ckpt18_block_12_ffn_up,6912,0.99368918,0.201292,0.038908,0.048638,0.112190,YES,PASS
TEST-D,ckpt18_block_23_ffn_up,6912,0.99150833,0.223911,0.045070,0.056630,0.130227,YES,PASS
TEST-D,ckpt19_block_00_ffn_activation,6912,0.99834852,0.059313,0.003690,0.005578,0.057575,YES,PASS
TEST-D,ckpt19_block_01_ffn_activation,6912,0.99707213,0.072818,0.005099,0.007684,0.076476,YES,PASS
TEST-D,ckpt19_block_02_ffn_activation,6912,0.99673648,0.066405,0.005179,0.007733,0.080752,YES,PASS
TEST-D,ckpt19_block_03_ffn_activation,6912,0.99573783,0.078003,0.006245,0.009352,0.092299,YES,PASS
TEST-D,ckpt19_block_04_ffn_activation,6912,0.99398746,0.113983,0.007312,0.010994,0.109881,YES,PASS
TEST-D,ckpt19_block_05_ffn_activation,6912,0.99382391,0.128705,0.007352,0.011086,0.111053,YES,PASS
TEST-D,ckpt19_block_12_ffn_activation,6912,0.98702663,0.147436,0.010672,0.015839,0.160895,YES,PASS
TEST-D,ckpt19_block_23_ffn_activation,6912,0.98448931,0.159524,0.011588,0.017382,0.175512,YES,PASS
TEST-D,ckpt20_block_00_ffn_down,2560,0.99814622,0.008882,0.002129,0.002653,0.061116,YES,PASS
TEST-D,ckpt20_block_01_ffn_down,2560,0.99694989,0.012891,0.002728,0.003430,0.078053,YES,PASS
TEST-D,ckpt20_block_02_ffn_down,2560,0.99603445,0.012320,0.002894,0.003632,0.089110,YES,PASS
TEST-D,ckpt20_block_03_ffn_down,2560,0.99569510,0.015573,0.003337,0.004198,0.092746,YES,PASS
TEST-D,ckpt20_block_04_ffn_down,2560,0.99363193,0.017401,0.003941,0.004904,0.113224,YES,PASS
TEST-D,ckpt20_block_05_ffn_down,2560,0.99336809,0.018029,0.003901,0.004922,0.114980,YES,PASS
TEST-D,ckpt20_block_12_ffn_down,2560,0.98743899,0.023303,0.005598,0.006963,0.158127,YES,PASS
TEST-D,ckpt20_block_23_ffn_down,2560,0.98828480,0.025238,0.006212,0.007702,0.152645,YES,PASS
TEST-D,ckpt21_block_00_ffn_residual,2560,0.99925727,0.140717,0.030612,0.038346,0.038551,YES,PASS
TEST-D,ckpt21_block_01_ffn_residual,2560,0.99859039,0.172403,0.042289,0.052945,0.053147,YES,PASS
TEST-D,ckpt21_block_02_ffn_residual,2560,0.99853582,0.182534,0.043331,0.054198,0.054167,YES,PASS
TEST-D,ckpt21_block_03_ffn_residual,2560,0.99789798,0.229047,0.052030,0.065077,0.064835,YES,PASS
TEST-D,ckpt21_block_04_ffn_residual,2560,0.99712864,0.276753,0.060565,0.076141,0.075795,YES,PASS
TEST-D,ckpt21_block_05_ffn_residual,2560,0.99708077,0.280961,0.061516,0.077010,0.076404,YES,PASS
TEST-D,ckpt21_block_06_ffn_residual,2560,0.99633828,0.315945,0.068994,0.086491,0.085530,YES,PASS
TEST-D,ckpt21_block_07_ffn_residual,2560,0.99552874,0.337151,0.076361,0.095873,0.094509,YES,PASS
TEST-D,ckpt21_block_08_ffn_residual,2560,0.99552127,0.344504,0.076985,0.096758,0.094578,YES,PASS
TEST-D,ckpt21_block_09_ffn_residual,2560,0.99501441,0.369927,0.082073,0.102482,0.099765,YES,PASS
TEST-D,ckpt21_block_10_ffn_residual,2560,0.99441587,0.367438,0.086961,0.108525,0.105595,YES,PASS
TEST-D,ckpt21_block_11_ffn_residual,2560,0.99440213,0.368317,0.087445,0.109369,0.105696,YES,PASS
TEST-D,ckpt21_block_12_ffn_residual,2560,0.99370624,0.431082,0.092806,0.116033,0.112100,YES,PASS
TEST-D,ckpt21_block_13_ffn_residual,2560,0.99296281,0.441597,0.098054,0.123022,0.118533,YES,PASS
TEST-D,ckpt21_block_14_ffn_residual,2560,0.99295713,0.434603,0.098611,0.123723,0.118579,YES,PASS
TEST-D,ckpt21_block_15_ffn_residual,2560,0.99217409,0.476668,0.104521,0.130995,0.124944,YES,PASS
TEST-D,ckpt21_block_16_ffn_residual,2560,0.99161603,0.532579,0.108650,0.135798,0.129297,YES,PASS
TEST-D,ckpt21_block_17_ffn_residual,2560,0.99176488,0.526360,0.108952,0.136567,0.128153,YES,PASS
TEST-D,ckpt21_block_18_ffn_residual,2560,0.99129258,0.507874,0.112664,0.140856,0.131782,YES,PASS
TEST-D,ckpt21_block_19_ffn_residual,2560,0.99071984,0.518721,0.117162,0.145980,0.136036,YES,PASS
TEST-D,ckpt21_block_20_ffn_residual,2560,0.99114132,0.514636,0.117304,0.146667,0.132895,YES,PASS
TEST-D,ckpt21_block_21_ffn_residual,2560,0.99063510,0.552760,0.120897,0.151620,0.136619,YES,PASS
TEST-D,ckpt21_block_22_ffn_residual,2560,0.98991422,0.541902,0.126159,0.158134,0.141755,YES,PASS
TEST-D,ckpt21_block_23_ffn_residual,2560,0.99161240,0.555084,0.127013,0.159527,0.129251,YES,PASS
TEST-D,ckpt22_final_norm,2560,0.99161240,0.441088,0.103076,0.129519,0.129519,YES,PASS
TEST-D,ckpt23_lm_head_input,2560,0.99161240,0.441088,0.103076,0.129519,0.129519,YES,PASS
TEST-D,ckpt24_logits,65536,0.99863546,0.414205,0.060784,0.076092,0.052781,YES,PASS
TEST-E,ckpt01_embed,2560,1.00000000,0.000000,0.000000,0.000000,0.000000,NO,PASS
TEST-E,ckpt02_block_00_input,2560,1.00000000,0.000000,0.000000,0.000000,0.000000,NO,PASS
TEST-E,ckpt02_block_01_input,2560,0.99842844,0.209019,0.053378,0.066444,0.056975,YES,PASS
TEST-E,ckpt02_block_02_input,2560,0.99770574,0.338637,0.074886,0.093371,0.070372,YES,PASS
TEST-E,ckpt02_block_03_input,2560,0.99810405,0.351363,0.076100,0.094811,0.064423,YES,PASS
TEST-E,ckpt02_block_04_input,2560,0.99773980,0.390968,0.094822,0.116948,0.071290,YES,PASS
TEST-E,ckpt02_block_05_input,2560,0.99771555,0.419752,0.105834,0.131577,0.072976,YES,PASS
TEST-E,ckpt02_block_06_input,2560,0.99800539,0.432193,0.106414,0.132793,0.068605,YES,PASS
TEST-E,ckpt02_block_07_input,2560,0.99792998,0.458432,0.117745,0.146944,0.071028,YES,PASS
TEST-E,ckpt02_block_08_input,2560,0.99792084,0.485347,0.129293,0.161506,0.073020,YES,PASS
TEST-E,ckpt02_block_09_input,2560,0.99810372,0.511318,0.129928,0.162491,0.069991,YES,PASS
TEST-E,ckpt02_block_10_input,2560,0.99809902,0.562168,0.139124,0.173708,0.070923,YES,PASS
TEST-E,ckpt02_block_11_input,2560,0.99811878,0.639352,0.146414,0.182574,0.071055,YES,PASS
TEST-E,ckpt02_block_12_input,2560,0.99824332,0.645623,0.146556,0.182959,0.068667,YES,PASS
TEST-E,ckpt02_block_13_input,2560,0.99824899,0.719467,0.153538,0.192707,0.069580,YES,PASS
TEST-E,ckpt02_block_14_input,2560,0.99827080,0.699398,0.160095,0.200427,0.069660,YES,PASS
TEST-E,ckpt02_block_15_input,2560,0.99836815,0.719894,0.160549,0.201170,0.067708,YES,PASS
TEST-E,ckpt02_block_16_input,2560,0.99836243,0.761605,0.167448,0.210995,0.068676,YES,PASS
TEST-E,ckpt02_block_17_input,2560,0.99833254,0.771869,0.176803,0.222363,0.070187,YES,PASS
TEST-E,ckpt02_block_18_input,2560,0.99839219,0.772843,0.177411,0.223392,0.068757,YES,PASS
TEST-E,ckpt02_block_19_input,2560,0.99838315,0.806529,0.185162,0.233100,0.069706,YES,PASS
TEST-E,ckpt02_block_20_input,2560,0.99840556,0.816416,0.190706,0.239941,0.069665,YES,PASS
TEST-E,ckpt02_block_21_input,2560,0.99848734,0.809876,0.191667,0.241281,0.067946,YES,PASS
TEST-E,ckpt02_block_22_input,2560,0.99846418,0.843830,0.200511,0.251198,0.068793,YES,PASS
TEST-E,ckpt02_block_23_input,2560,0.99846199,0.892474,0.206735,0.258807,0.069065,YES,PASS
TEST-E,ckpt03_block_00_state_norm,2560,1.00000000,0.000018,0.000004,0.000005,0.000005,YES,PASS
TEST-E,ckpt03_block_01_state_norm,2560,0.99842844,0.184003,0.045095,0.056063,0.056063,YES,PASS
TEST-E,ckpt03_block_03_state_norm,2560,0.99810405,0.234511,0.049232,0.061578,0.061578,YES,PASS
TEST-E,ckpt03_block_04_state_norm,2560,0.99773980,0.234598,0.054393,0.067234,0.067234,YES,PASS
TEST-E,ckpt03_block_12_state_norm,2560,0.99824332,0.199615,0.047357,0.059274,0.059274,YES,PASS
TEST-E,ckpt04_block_00_state_in_proj,5120,0.99997042,0.013901,0.003160,0.003951,0.007695,YES,PASS
TEST-E,ckpt04_block_01_state_in_proj,5120,0.99891289,0.086909,0.019445,0.024285,0.046620,YES,PASS
TEST-E,ckpt04_block_03_state_in_proj,5120,0.99861443,0.127406,0.021866,0.027509,0.052625,YES,PASS
TEST-E,ckpt04_block_04_state_in_proj,5120,0.99848133,0.102021,0.023041,0.028936,0.055114,YES,PASS
TEST-E,ckpt04_block_12_state_in_proj,5120,0.99865534,0.094242,0.020822,0.026123,0.051844,YES,PASS
TEST-E,ckpt05a_block_00_state_gate,2560,0.99996843,0.013000,0.003117,0.003903,0.007950,YES,PASS
TEST-E,ckpt05a_block_01_state_gate,2560,0.99879027,0.086909,0.019785,0.024575,0.049187,YES,PASS
TEST-E,ckpt05a_block_03_state_gate,2560,0.99843895,0.127406,0.022007,0.027616,0.055862,YES,PASS
TEST-E,ckpt05a_block_04_state_gate,2560,0.99830206,0.102021,0.022856,0.028752,0.058267,YES,PASS
TEST-E,ckpt05a_block_12_state_gate,2560,0.99850861,0.091555,0.020634,0.025951,0.054597,YES,PASS
TEST-E,ckpt05b_block_00_state_value,2560,0.99997209,0.013901,0.003203,0.003999,0.007473,YES,PASS
TEST-E,ckpt05b_block_01_state_value,2560,0.99901754,0.086706,0.019105,0.023991,0.044317,YES,PASS
TEST-E,ckpt05b_block_03_state_value,2560,0.99875659,0.093730,0.021725,0.027403,0.049853,YES,PASS
TEST-E,ckpt05b_block_04_state_value,2560,0.99862314,0.096382,0.023226,0.029119,0.052485,YES,PASS
TEST-E,ckpt05b_block_12_state_value,2560,0.99877295,0.094242,0.021010,0.026293,0.049527,YES,PASS
TEST-E,ckpt06_block_00_state_conv,2560,0.51274004,2.099518,0.287148,0.383661,0.997833,YES,DIVERGED
TEST-E,ckpt06_block_01_state_conv,2560,0.54651160,2.129045,0.276392,0.368759,0.945866,YES,DIVERGED
TEST-E,ckpt06_block_03_state_conv,2560,0.49385810,1.659637,0.300650,0.396847,1.013023,YES,DIVERGED
TEST-E,ckpt06_block_04_state_conv,2560,0.51922848,1.554260,0.291486,0.382534,0.981912,YES,DIVERGED
TEST-E,ckpt06_block_12_state_conv,2560,0.52053636,1.685697,0.288693,0.380159,0.985778,YES,DIVERGED
TEST-E,ckpt07_block_00_state_silu,2560,0.99997373,0.008624,0.001554,0.002120,0.007261,YES,PASS
TEST-E,ckpt07_block_01_state_silu,2560,0.99897282,0.083706,0.010001,0.013638,0.045421,YES,PASS
TEST-E,ckpt07_block_03_state_silu,2560,0.99862592,0.089092,0.010940,0.015012,0.052418,YES,PASS
TEST-E,ckpt07_block_04_state_silu,2560,0.99849666,0.070116,0.011307,0.015563,0.054828,YES,PASS
TEST-E,ckpt07_block_12_state_silu,2560,0.99845692,0.073352,0.009844,0.013728,0.055533,YES,PASS
TEST-E,ckpt08_block_00_state_gated,2560,0.44928789,2.344975,0.063004,0.144770,0.982680,YES,DIVERGED
TEST-E,ckpt08_block_01_state_gated,2560,0.36633666,2.590699,0.060544,0.140693,1.069305,YES,DIVERGED
TEST-E,ckpt08_block_03_state_gated,2560,0.58754180,1.846266,0.061257,0.124826,0.880300,YES,DIVERGED
TEST-E,ckpt08_block_04_state_gated,2560,0.59406414,1.277078,0.058754,0.110108,0.878207,YES,DIVERGED
TEST-E,ckpt08_block_12_state_gated,2560,0.50332227,1.482165,0.054231,0.099728,0.935506,YES,DIVERGED
TEST-E,ckpt09_block_00_state_out_proj,2560,0.56260381,0.218055,0.052862,0.065753,0.852959,YES,DIVERGED
TEST-E,ckpt09_block_01_state_out_proj,2560,0.47784694,0.225510,0.050595,0.062649,0.928839,YES,DIVERGED
TEST-E,ckpt09_block_03_state_out_proj,2560,0.66435844,0.187234,0.044608,0.055651,0.781084,YES,DIVERGED
TEST-E,ckpt09_block_04_state_out_proj,2560,0.66133483,0.194587,0.039465,0.049090,0.778302,YES,DIVERGED
TEST-E,ckpt09_block_12_state_out_proj,2560,0.56674673,0.150884,0.035073,0.044240,0.860394,YES,DIVERGED
TEST-E,ckpt10_block_00_state_residual,2560,0.99802622,0.218055,0.052862,0.065753,0.063447,YES,PASS
TEST-E,ckpt10_block_01_state_residual,2560,0.99712331,0.353872,0.074516,0.092845,0.078022,YES,PASS
TEST-E,ckpt10_block_03_state_residual,2560,0.99727494,0.391305,0.094427,0.116458,0.077642,YES,PASS
TEST-E,ckpt10_block_04_state_residual,2560,0.99731311,0.418914,0.105480,0.131254,0.078743,YES,PASS
TEST-E,ckpt10_block_12_state_residual,2560,0.99812452,0.713866,0.153574,0.192754,0.071841,YES,PASS
TEST-E,ckpt11_block_02_gqa_norm,2560,0.99770574,0.251413,0.054146,0.067738,0.067739,YES,PASS
TEST-E,ckpt11_block_05_gqa_norm,2560,0.99771555,0.225983,0.054448,0.067594,0.067594,YES,PASS
TEST-E,ckpt11_block_23_gqa_norm,2560,0.99846199,0.186100,0.043827,0.055462,0.055462,YES,PASS
TEST-E,ckpt12a_block_02_gqa_q,2560,0.99792971,0.119837,0.023912,0.030027,0.064412,YES,PASS
TEST-E,ckpt12a_block_05_gqa_q,2560,0.99830967,0.119168,0.022766,0.028600,0.058207,YES,PASS
TEST-E,ckpt12a_block_23_gqa_q,2560,0.99900856,0.090247,0.019755,0.024805,0.044538,YES,PASS
TEST-E,ckpt12b_block_02_gqa_k,512,0.99835233,0.097712,0.024827,0.030454,0.057453,YES,PASS
TEST-E,ckpt12b_block_05_gqa_k,512,0.99871284,0.093362,0.022406,0.028638,0.051011,YES,PASS
TEST-E,ckpt12b_block_23_gqa_k,512,0.99903375,0.069500,0.020154,0.025033,0.043953,YES,PASS
TEST-E,ckpt12c_block_02_gqa_v,512,0.99785220,0.127788,0.022574,0.028979,0.065828,YES,PASS
TEST-E,ckpt12c_block_05_gqa_v,512,0.99757920,0.101370,0.023835,0.029334,0.069707,YES,PASS
TEST-E,ckpt12c_block_23_gqa_v,512,0.99927330,0.075523,0.019300,0.023968,0.038116,YES,PASS
TEST-E,ckpt13_block_02_gqa_attention,2560,0.98969390,0.093993,0.025171,0.031097,0.144089,YES,PASS
TEST-E,ckpt13_block_05_gqa_attention,2560,0.99092148,0.096122,0.025631,0.032043,0.134703,YES,PASS
TEST-E,ckpt13_block_23_gqa_attention,2560,0.99191291,0.126510,0.030886,0.038270,0.127759,YES,PASS
TEST-E,ckpt14_block_02_gqa_out_proj,2560,0.98950318,0.052899,0.010996,0.013804,0.145053,YES,PASS
TEST-E,ckpt14_block_05_gqa_out_proj,2560,0.99114145,0.064808,0.011012,0.013818,0.132855,YES,PASS
TEST-E,ckpt14_block_23_gqa_out_proj,2560,0.99732750,0.055307,0.012875,0.016270,0.073429,YES,PASS
TEST-E,ckpt15_block_02_gqa_residual,2560,0.99765462,0.343885,0.075922,0.094660,0.071098,YES,PASS
TEST-E,ckpt15_block_05_gqa_residual,2560,0.99771408,0.417545,0.106051,0.132353,0.073132,YES,PASS
TEST-E,ckpt15_block_23_gqa_residual,2560,0.99850478,0.864548,0.207045,0.259086,0.067948,YES,PASS
TEST-E,ckpt16_block_00_ffn_norm,2560,0.99802622,0.213845,0.050488,0.062829,0.062829,YES,PASS
TEST-E,ckpt16_block_01_ffn_norm,2560,0.99712331,0.291006,0.060621,0.075851,0.075851,YES,PASS
TEST-E,ckpt16_block_02_ffn_norm,2560,0.99765462,0.254711,0.054662,0.068489,0.068489,YES,PASS
TEST-E,ckpt16_block_03_ffn_norm,2560,0.99727494,0.254941,0.059738,0.073825,0.073825,YES,PASS
TEST-E,ckpt16_block_04_ffn_norm,2560,0.99731311,0.238480,0.059009,0.073306,0.073306,YES,PASS
TEST-E,ckpt16_block_05_ffn_norm,2560,0.99771408,0.228674,0.054434,0.067615,0.067615,YES,PASS
TEST-E,ckpt16_block_12_ffn_norm,2560,0.99812452,0.206519,0.048851,0.061245,0.061245,YES,PASS
TEST-E,ckpt16_block_23_ffn_norm,2560,0.99850478,0.182932,0.043225,0.054685,0.054685,YES,PASS
TEST-E,ckpt17_block_00_ffn_gate,6912,0.99842177,0.092831,0.021847,0.027272,0.056169,YES,PASS
TEST-E,ckpt17_block_01_ffn_gate,6912,0.99759635,0.123598,0.026588,0.033334,0.069363,YES,PASS
TEST-E,ckpt17_block_02_ffn_gate,6912,0.99801515,0.104223,0.024030,0.030102,0.063037,YES,PASS
TEST-E,ckpt17_block_03_ffn_gate,6912,0.99770820,0.119869,0.026114,0.032532,0.067712,YES,PASS
TEST-E,ckpt17_block_04_ffn_gate,6912,0.99767493,0.153561,0.025908,0.032522,0.068220,YES,PASS
TEST-E,ckpt17_block_05_ffn_gate,6912,0.99805933,0.109030,0.023482,0.029498,0.062311,YES,PASS
TEST-E,ckpt17_block_12_ffn_gate,6912,0.99827736,0.097910,0.021671,0.027241,0.058675,YES,PASS
TEST-E,ckpt17_block_23_ffn_gate,6912,0.99871654,0.085389,0.019493,0.024298,0.050674,YES,PASS
TEST-E,ckpt18_block_00_ffn_up,6912,0.99839594,0.110097,0.021956,0.027384,0.056626,YES,PASS
TEST-E,ckpt18_block_01_ffn_up,6912,0.99764803,0.134137,0.026507,0.033188,0.068565,YES,PASS
TEST-E,ckpt18_block_02_ffn_up,6912,0.99803779,0.127834,0.024250,0.030475,0.062642,YES,PASS
TEST-E,ckpt18_block_03_ffn_up,6912,0.99775250,0.132223,0.025954,0.032556,0.067041,YES,PASS
TEST-E,ckpt18_block_04_ffn_up,6912,0.99783308,0.126851,0.025497,0.031910,0.065835,YES,PASS
TEST-E,ckpt18_block_05_ffn_up,6912,0.99801372,0.103582,0.023569,0.029546,0.063078,YES,PASS
TEST-E,ckpt18_block_12_ffn_up,6912,0.99833420,0.114829,0.021569,0.027044,0.057699,YES,PASS
TEST-E,ckpt18_block_23_ffn_up,6912,0.99864807,0.083222,0.019402,0.024209,0.051991,YES,PASS
TEST-E,ckpt19_block_00_ffn_activation,6912,0.99911147,0.122041,0.006379,0.010874,0.042153,YES,PASS
TEST-E,ckpt19_block_01_ffn_activation,6912,0.99841580,0.230995,0.007914,0.013621,0.056335,YES,PASS
TEST-E,ckpt19_block_02_ffn_activation,6912,0.99866701,0.123075,0.007151,0.012326,0.051673,YES,PASS
TEST-E,ckpt19_block_03_ffn_activation,6912,0.99840746,0.199306,0.007725,0.013189,0.056473,YES,PASS
TEST-E,ckpt19_block_04_ffn_activation,6912,0.99838062,0.162161,0.007606,0.012510,0.057060,YES,PASS
TEST-E,ckpt19_block_05_ffn_activation,6912,0.99839567,0.133661,0.006936,0.011686,0.056703,YES,PASS
TEST-E,ckpt19_block_12_ffn_activation,6912,0.99773569,0.119198,0.006307,0.010105,0.067313,YES,PASS
TEST-E,ckpt19_block_23_ffn_activation,6912,0.99840871,0.095710,0.005432,0.008487,0.056592,YES,PASS
TEST-E,ckpt20_block_00_ffn_down,2560,0.99948955,0.024684,0.005665,0.007128,0.032112,YES,PASS
TEST-E,ckpt20_block_01_ffn_down,2560,0.99944834,0.024350,0.005628,0.007039,0.033546,YES,PASS
TEST-E,ckpt20_block_02_ffn_down,2560,0.99935306,0.024411,0.005775,0.007290,0.035965,YES,PASS
TEST-E,ckpt20_block_03_ffn_down,2560,0.99930023,0.027777,0.005820,0.007308,0.037480,YES,PASS
TEST-E,ckpt20_block_04_ffn_down,2560,0.99906002,0.031213,0.006295,0.007940,0.043410,YES,PASS
TEST-E,ckpt20_block_05_ffn_down,2560,0.99938399,0.027250,0.004784,0.006033,0.035100,YES,PASS
TEST-E,ckpt20_block_12_ffn_down,2560,0.99903500,0.020657,0.004343,0.005464,0.044125,YES,PASS
TEST-E,ckpt20_block_23_ffn_down,2560,0.99915795,0.017686,0.003713,0.004659,0.041604,YES,PASS
TEST-E,ckpt21_block_00_ffn_residual,2560,0.99842844,0.209019,0.053378,0.066444,0.056975,YES,PASS
TEST-E,ckpt21_block_01_ffn_residual,2560,0.99770574,0.338637,0.074886,0.093371,0.070372,YES,PASS
TEST-E,ckpt21_block_02_ffn_residual,2560,0.99810405,0.351363,0.076100,0.094811,0.064423,YES,PASS
TEST-E,ckpt21_block_03_ffn_residual,2560,0.99773980,0.390968,0.094822,0.116948,0.071290,YES,PASS
TEST-E,ckpt21_block_04_ffn_residual,2560,0.99771555,0.419752,0.105834,0.131577,0.072976,YES,PASS
TEST-E,ckpt21_block_05_ffn_residual,2560,0.99800539,0.432193,0.106414,0.132793,0.068605,YES,PASS
TEST-E,ckpt21_block_06_ffn_residual,2560,0.99792998,0.458432,0.117745,0.146944,0.071028,YES,PASS
TEST-E,ckpt21_block_07_ffn_residual,2560,0.99792084,0.485347,0.129293,0.161506,0.073020,YES,PASS
TEST-E,ckpt21_block_08_ffn_residual,2560,0.99810372,0.511318,0.129928,0.162491,0.069991,YES,PASS
TEST-E,ckpt21_block_09_ffn_residual,2560,0.99809902,0.562168,0.139124,0.173708,0.070923,YES,PASS
TEST-E,ckpt21_block_10_ffn_residual,2560,0.99811878,0.639352,0.146414,0.182574,0.071055,YES,PASS
TEST-E,ckpt21_block_11_ffn_residual,2560,0.99824332,0.645623,0.146556,0.182959,0.068667,YES,PASS
TEST-E,ckpt21_block_12_ffn_residual,2560,0.99824899,0.719467,0.153538,0.192707,0.069580,YES,PASS
TEST-E,ckpt21_block_13_ffn_residual,2560,0.99827080,0.699398,0.160095,0.200427,0.069660,YES,PASS
TEST-E,ckpt21_block_14_ffn_residual,2560,0.99836815,0.719894,0.160549,0.201170,0.067708,YES,PASS
TEST-E,ckpt21_block_15_ffn_residual,2560,0.99836243,0.761605,0.167448,0.210995,0.068676,YES,PASS
TEST-E,ckpt21_block_16_ffn_residual,2560,0.99833254,0.771869,0.176803,0.222363,0.070187,YES,PASS
TEST-E,ckpt21_block_17_ffn_residual,2560,0.99839219,0.772843,0.177411,0.223392,0.068757,YES,PASS
TEST-E,ckpt21_block_18_ffn_residual,2560,0.99838315,0.806529,0.185162,0.233100,0.069706,YES,PASS
TEST-E,ckpt21_block_19_ffn_residual,2560,0.99840556,0.816416,0.190706,0.239941,0.069665,YES,PASS
TEST-E,ckpt21_block_20_ffn_residual,2560,0.99848734,0.809876,0.191667,0.241281,0.067946,YES,PASS
TEST-E,ckpt21_block_21_ffn_residual,2560,0.99846418,0.843830,0.200511,0.251198,0.068793,YES,PASS
TEST-E,ckpt21_block_22_ffn_residual,2560,0.99846199,0.892474,0.206735,0.258807,0.069065,YES,PASS
TEST-E,ckpt21_block_23_ffn_residual,2560,0.99855244,0.856002,0.207260,0.259401,0.066917,YES,PASS
TEST-E,ckpt22_final_norm,2560,0.99855244,0.179618,0.042542,0.053806,0.053806,YES,PASS
TEST-E,ckpt23_lm_head_input,2560,0.99855244,0.179618,0.042542,0.053806,0.053806,YES,PASS
TEST-E,ckpt24_logits,65536,0.99987980,0.135256,0.025126,0.031523,0.015510,YES,PASS
